bar,timestamp,close,sma,ema,rsi,macd,macd_signal,macd_histogram,atr,vwap,roc,cci,vwap_status
1,2019-09-30T00:00:00,48.17399978637695,,,,,,,,48.06400044759115,,,ok
2,2019-10-01T00:00:00,48.93799973,,,,,,,,48.651332856777344,,,ok
3,2019-10-02T00:00:00,48.625999450683594,,,,,,,,48.48066711425781,,,ok
4,2019-10-03T00:00:00,46.60599899291992,,,,,,,,46.11933263142904,,,ok
5,2019-10-04T00:00:00,46.2859993,,,,,,,,46.28533299827475,,,ok
6,2019-10-07T00:00:00,47.54399871826172,,,,,,,,46.98866653442383,,,ok
7,2019-10-08T00:00:00,48.00999832,,,,,,,,47.8993326817806,,,ok
8,2019-10-09T00:00:00,48.90599822998047,,,,,,,,48.83199946085612,,,ok
9,2019-10-10T00:00:00,48.948001861572266,,,,,,,,49.040000915527344,,,ok
10,2019-10-11T00:00:00,49.577999114990234,,,,,,,,49.718666076660156,,,ok
11,2019-10-14T00:00:00,51.391998291015625,,,,,,,,50.842665354410805,,,ok
12,2019-10-15T00:00:00,51.577999114990234,,,,,,,,51.467333475748696,,,ok
13,2019-10-16T00:00:00,51.95000076293945,,,,,,,,51.917999267578125,7.838255061458077,,ok
14,2019-10-17T00:00:00,52.39400100708008,,,,,,,1.6251425066329521,52.461334228515625,7.061999460843271,,ok
15,2019-10-18T00:00:00,51.38999938964844,,,65.27354898175643,,,,1.619060964411123,51.65666707356771,5.684201806007283,,ok
16,2019-10-21T00:00:00,50.70000076293945,,,60.97021912412225,,,,1.6365567688016789,50.878667196272794,8.784280690220726,,ok
17,2019-10-22T00:00:00,51.11600112915039,,,62.57232222946573,,,,1.6265171565491037,50.98399988810221,10.435124880517366,,ok
18,2019-10-23T00:00:00,50.93600082397461,,,61.39793233132181,,,,1.5787659441602726,50.811333974202476,7.134448504875168,,ok
19,2019-10-24T00:00:00,59.93600082397461,,,80.8008265791201,,,,2.1838540365102923,59.58733367919922,24.840664280978487,,ok
20,2019-10-25T00:00:00,65.62599945,50.9316997530249,50.9316997530249,85.69599751191372,,,,2.512007310897392,63.61599985735677,34.188037919998514,317.6927213628038,ok
21,2019-10-28T00:00:00,65.54199981689453,51.800099754550786,52.323156901964865,85.35002714316738,,,,2.5931498335174443,66.07666524149089,33.901277527632345,270.6406567716933,ok
22,2019-10-29T00:00:00,63.24399948120117,52.515399742110844,53.36323714760642,76.27742676858459,,,,2.593067634977275,63.6846669514974,27.564646839648145,173.09071663244688,ok
23,2019-10-30T00:00:00,63.00199890136719,53.23419971464502,54.281214457488396,75.36883060808569,,,,2.5338485138335303,62.917999267578125,22.59106669604094,129.91602715099373,ok
24,2019-10-31T00:00:00,62.98400115966797,54.053099822982425,55.1100512862674,75.29699516077127,,,,2.4385736744839535,63.12799962361654,22.11408399005301,110.62417082939992,ok
25,2019-11-01T00:00:00,62.66199875,54.87189979548242,55.829284378051454,73.93915915302996,,,,2.3598185798674938,62.63933308959961,20.619822578910085,90.05626672233817,ok
26,2019-11-04T00:00:00,63.49399948120117,55.66939983362939,56.559257245018095,75.18437370119233,6.065963489121685,,,2.3724029168837943,63.244667053222656,21.185628623057685,84.80112487108505,ok
27,2019-11-05T00:00:00,63.444000244140625,56.441099929836426,57.214947054458335,74.95259858408268,5.8997223807263595,,,2.3085173128206664,63.790000914713545,23.455927218633587,80.61911752035999,ok
28,2019-11-06T00:00:00,65.31600189208984,57.26160011294189,57.98647608661372,77.72175638141009,5.851576659390062,,,2.3181946650578062,64.52000172932942,28.82840416017183,79.62487632521217,ok
29,2019-11-07T00:00:00,67.10800170898438,58.1696001053125,58.85519281255378,80.00108941470832,5.890122570694913,,,2.365752271815675,67.00400034586589,31.285703549908717,96.79556031945071,ok
30,2019-11-08T00:00:00,67.4280014,59.06210021956299,59.67165077326295,80.38698296742668,5.878725495693473,,,2.267626878481464,67.13999938837891,32.37788658167078,90.85486787605784,ok
31,2019-11-11T00:00:00,69.01799774169922,59.94340019209717,60.561779055971165,82.22251801273289,5.929639455691785,,,2.2777961040558905,69.08533223607422,15.152824334071656,104.7869874302337,ok
32,2019-11-12T00:00:00,69.98600006103516,60.86380023939942,61.45932391359631,83.25027605801567,5.979174629817642,,,2.2055248711071442,69.62266540608725,6.643709273116705,104.14601944492165,ok
33,2019-11-13T00:00:00,69.22200012207031,61.727400207355956,62.19862640964145,79.3510798588595,5.888899632878392,,,2.2072727894237096,69.84133402506511,5.614720813305429,102.40430149690906,ok
34,2019-11-14T00:00:00,69.87000274658203,62.60120029433106,62.92923367982627,80.19823216020443,5.802753908651965,5.909619802518475,-0.10686589386650969,2.205753090841826,69.74000040690105,10.47688843168495,99.38845798194183,ok
35,2019-11-15T00:00:00,70.43399810791016,63.553400230244144,63.64397314916759,80.93150242950988,5.7141236531542745,5.870520572645635,-0.15639691949136036,2.1116279049669635,70.22199757883463,11.796449852612035,104.81168487373499,ok
36,2019-11-18T00:00:00,69.99800109863281,64.5183002470288,64.24911866816429,78.51112024278505,5.544785387814535,5.805373535679415,-0.2605881478648797,2.0615113426632408,69.94933319091797,11.136161262895893,94.23420787728564,ok
37,2019-11-19T00:00:00,71.90399932861328,65.55770015700196,64.97815492154038,81.16325651370005,5.500969963084522,5.744492821160437,-0.24352285807591478,2.0884036424757992,71.15399932861328,14.748971885633132,106.91863961374352,ok
38,2019-11-20T00:00:00,70.44400024414062,66.53310012801026,65.49871161893088,73.66346835516492,5.287485359043707,5.653091328737091,-0.36560596969338377,2.105374553650798,70.86599985758464,10.945917440587682,97.13521784672307,ok
39,2019-11-21T00:00:00,70.96600341796875,67.08460025770997,66.0194060759821,74.56830480223428,5.1016103770488,5.542795138399432,-0.4411847613506321,2.0781334443498483,71.31133524576823,11.856130043632952,99.00437354324754,ok
40,2019-11-22T00:00:00,66.60800170898438,67.13370037065917,66.0754628029347,56.97043882179323,4.550196959930979,5.344275502705742,-0.7940785427747628,2.2844098710369125,66.93599955240886,1.9780754783935928,-5.034534103942072,ok
41,2019-11-25T00:00:00,67.26799774169922,67.2200002668994,66.1890375590075,58.56524929173128,4.1189730606970585,5.099215014304005,-0.9802419536069467,2.2859520056670886,67.6913324991862,0.23841573082248324,11.427902196130967,ok
42,2019-11-26T00:00:00,65.78399658203125,67.34700012194091,66.15046222786691,53.74206241970771,3.615797855560814,4.802531582555367,-1.1867337269945528,2.2546696890304325,66.10133107365886,-2.438163350291367,-31.85694162315975,ok
43,2019-11-27T00:00:00,66.25800323486328,67.50980033861572,66.16070422853323,55.016396264248485,3.2181790904456733,4.485661084133428,-1.2674819936877544,2.1701937273558256,66.25266774495442,-3.9989489656962474,-34.45838406571307,ok
44,2019-11-29T00:00:00,65.98799896240234,67.66000022875244,66.14425610794935,54.10211032675717,2.8484412089717353,4.1582171091010895,-1.3097759001293543,2.0693229778920723,65.91333262125652,-5.71257265045314,-50.43752803040462,ok
45,2019-12-02T00:00:00,66.97399902,67.87560024225243,66.22327924243037,56.9177633184116,2.604954939374906,3.8475646751558528,-1.2426097357809467,2.0313714807281857,66.66266632080078,-3.2475240503106795,-37.554010038027705,ok
46,2019-12-03T00:00:00,67.23999786376953,68.06290016138085,66.3201095873198,57.67216041291422,2.405722528346189,3.55919624579392,-1.153473717447731,1.9679876029892305,67.08666737874348,-3.7641402310395033,-32.92963507884621,ok
47,2019-12-04T00:00:00,66.60600280761719,68.22100028955468,66.34733751306241,55.19151392787472,2.1716380134785283,3.2816845993308417,-1.1100465858523134,1.89898841028827,66.91600036748046,-5.434868675817883,-47.6253845103182,ok
48,2019-12-05T00:00:00,66.0739975,68.2589000699502,66.321305130866,53.12649242718299,1.9210512834050206,3.0095579361456775,-1.0885066527406568,1.865775362218014,66.13599904459636,-5.605879506621303,-82.8852454348104,ok
49,2019-12-06T00:00:00,67.1780014,68.26240005450097,66.4028952517359,56.74345046614243,1.7908990135935312,2.765826151635248,-0.9749271380417168,1.8537918130473072,67.30133565127605,-6.572649606059722,-38.7426014285522,ok
50,2019-12-09T00:00:00,67.90599822998047,68.286299896,66.54604791633062,58.9906540757647,1.7265925776588347,2.5579794368399655,-0.8313868591811309,1.8552352942093857,67.93733215332031,-3.602864694458152,-15.86642578074929,ok
51,2019-12-10T00:00:00,69.76799774169922,68.323799896,66.85290028065144,64.12429772623642,1.8050693472754773,2.4073974189270677,-0.6023280716515904,1.8858616454391282,69.2586669921875,-1.6881402623360797,36.126891674962025,ok
52,2019-12-11T00:00:00,70.54000091552734,68.35149993872461,67.2040527220682,66.02339439442872,1.9075677037503027,2.3074314758917147,-0.399863772141412,1.8704433706463222,70.73200225830078,5.903193468739953,88.9705405800236,ok
53,2019-12-12T00:00:00,71.93599700927734,68.48719978308496,67.65471408275478,69.19856729363023,2.0774955323559396,2.2614442871845597,-0.18394875482862005,1.880268530205346,71.70999908414062,6.939405697048784,115.90652554338585,ok
54,2019-12-13T00:00:00,71.6780014,68.57759971575585,68.0378843034448,67.9350131702999,2.1663738619210733,2.2424302021318625,-0.07605634021078922,1.8969635221117163,71.88266753896484,8.959633230278197,111.18510714508302,ok
55,2019-12-16T00:00:00,76.30000305175781,68.87089996294824,68.82475275566509,76.28836413016784,2.580026544063358,2.309949470518162,0.2700770735451963,2.1217517506801875,75.1740010579427,15.155904685655663,188.25243755510363,ok
56,2019-12-17T00:00:00,75.79799652,69.16089973401661,69.48887120941127,74.0324844038907,2.8346652862960013,2.4148926336737295,0.4197726526222718,2.107340780261904,76.02599843172526,14.866335866900648,178.00757220112243,ok
57,2019-12-18T00:00:00,78.62999725341797,69.49719963025684,70.35945464217382,77.98709461018716,3.2277792848843063,2.5774699639158447,0.6503093209684616,2.1886737386904627,77.92999776204427,17.403766243579422,189.4096599925831,ok
58,2019-12-19T00:00:00,80.80799865722656,70.01539955091114,71.35455407217884,80.45262925294536,3.6727344751375455,2.796522866160185,0.8762116089773606,2.22805457829572,80.49266815185547,20.17846702039796,197.6832009146596,ok
59,2019-12-20T00:00:00,81.11799621582031,70.52299919080372,72.2844057049066,80.78255349261323,4.0042207174729185,3.0380624364227318,0.9661582810501868,2.2519075695488717,81.2519988999935,21.787816107384693,173.4519909254432,ok
60,2019-12-23T00:00:00,83.84400177001953,71.38479919385547,73.38531961586973,83.43091646943029,4.435759148498306,3.3176017788378465,1.1181573696604596,2.325628758451073,83.41533406667317,26.894095926343088,170.00839326545196,ok
61,2019-12-24T00:00:00,85.05000305175781,72.2738994593584,74.49624184785907,84.45178117178602,4.819514327491646,3.617984288568606,1.20153003892304,2.3420838296945234,84.22733561197917,26.603949625327505,150.37467215542964,ok
62,2019-12-26T00:00:00,86.18800354003906,73.29409980725879,75.60974296140002,85.36790777087654,5.156034642548846,3.9255943593646543,1.2304402831841919,2.2923632771270577,86.05133310851562,26.92251905073548,144.60748508647717,ok
63,2019-12-27T00:00:00,86.07599639892578,74.28499946546192,76.60652900306914,84.8380570742088,5.351996887903155,4.210874865072355,1.1411220228308006,2.260051352895884,86.11999766031902,23.374611835075676,125.7052051612734,ok
64,2019-12-30T00:00:00,82.94000244140625,75.13259963941212,77.20971694957744,71.46407240058892,5.194372383943829,4.4075743688466495,0.7867980150971796,2.4003333293631424,83.53066762288411,17.578680698810988,88.53084552036934,ok
65,2019-12-31T00:00:00,83.66600036621094,75.96719970672265,77.82460108449492,72.54318104795433,5.069596639698645,4.539978823017049,0.5296178166815961,2.5033097250266567,82.78000132242839,16.306166376509413,72.90536941267291,ok
66,2020-01-02T00:00:00,86.05200195,76.90779991103418,78.60816307168588,75.7842688494374,5.104400993316517,4.652863257076943,0.45153773623957427,2.501216103484574,85.51133473610025,20.05357329898989,91.41536410068304,ok
67,2020-01-03T00:00:00,88.60199737548828,78.00759963942774,79.55995681490515,78.68072151757828,5.276917988146494,4.777674203290853,0.4992437848556408,2.6617007462183766,88.92866770426433,16.1231898187284,115.31882415911288,ok
68,2020-01-06T00:00:00,90.30799865722656,79.21929969728906,80.5835798475072,80.37219509246977,5.4880363286431475,4.919746628361311,0.5682897002818361,2.6367218686285594,89.53999837239583,19.142989001560174,111.71289548828756,ok
69,2020-01-07T00:00:00,93.81199645996094,80.55099945028711,81.84342904869327,83.30250292697906,5.870421903567859,5.109881683402621,0.7605402201652378,2.7353844309907496,92.9366633096289,19.30815177013505,137.2345729494936,ok
70,2020-01-08T00:00:00,98.4280014,82.07709960878807,83.4229121297701,86.22092832387716,6.471340660864499,5.382173478894996,1.0891671819695024,2.972285137838229,97.25733439104818,21.80477556128375,169.10609918523718,ok
71,2020-01-09T00:00:00,96.26799774169922,83.40209960878808,84.64625361662048,79.24145625929611,6.696090498986138,5.644956882913225,1.0511336160729128,3.13040795915196,96.8673324593099,18.67649872116075,152.55111672869842,ok
72,2020-01-10T00:00:00,95.62999725341797,84.65659942568261,85.69232443917262,77.2522839062157,6.744973205013565,5.864960147333293,0.880013057680272,3.067378897686307,95.78599802652995,14.057052662785473,127.55658635263435,ok
73,2020-01-13T00:00:00,104.97200012207031,86.30839958132226,87.52848402802002,83.70324871162474,7.4516368279758325,6.182295483461801,1.2693413445140314,3.526566276227687,102.8326670342513,23.423864027598952,178.96280197992755,ok
74,2020-01-14T00:00:00,107.58399963378906,88.10369949301172,89.43853313333136,84.98534327657639,8.128736358832953,6.571583658536031,1.5571527002969212,3.5968116947993143,107.34866841634114,24.824796044626307,187.4098094841866,ok
75,2020-01-15T00:00:00,103.69999694824219,89.47369918783593,90.7967677823705,75.47661281387248,8.256757300015465,6.908618386831918,1.348138913183547,3.6417535683711266,104.87533315022786,20.474930627159548,141.4260936728131,ok
76,2020-01-16T00:00:00,102.697998,90.81869926183593,91.93021827928759,73.20115460965722,8.183032966893947,7.163501302844324,1.019531664049623,3.7577710877969057,101.34133146630857,23.82203397275273,95.98758641087102,ok
77,2020-01-17T00:00:00,102.0999984741211,91.99219932287109,92.89876877403364,71.80973524355095,7.984314134413594,7.327663869158178,0.6566502652554167,3.6680730744804975,101.95533498128255,22.03284252530715,89.98718646711575,ok
78,2020-01-21T00:00:00,109.44000244140625,93.42379951208008,94.47412436140246,77.47046559150216,8.323160788585199,7.5267632530435815,0.7963975355416171,3.950068208006723,108.27933502197266,27.17891502976968,128.31553115445283,ok
79,2020-01-22T00:00:00,113.91200256347656,95.06349982946288,96.32535085683809,80.09325681627269,8.85052885172145,7.791516372779155,1.0590124789422948,4.343634699182861,114.87733459472656,28.565953294175152,159.59388618136344,ok
80,2020-01-23T00:00:00,114.44000244140625,96.59329986303223,98.0505557696541,80.38362363691785,9.204967878894124,8.074206674002149,1.130761204891975,4.410517847762433,113.98666890462239,26.721889691936628,135.73709048398607,ok
81,2020-01-24T00:00:00,112.96399688720703,97.98899955480468,99.47088349513533,77.00228071562455,9.260018321741228,8.311369003549965,0.9486493181912632,4.375481272803677,112.86266581217448,20.415299908280062,113.43644631211679,ok
82,2020-01-27T00:00:00,111.60399627685547,99.2597991916455,100.62641804577534,73.9169517188787,9.089131659080678,8.466921534656107,0.622210124424571,4.427803616145546,110.7826665242513,13.386429358968432,87.92826317233806,ok
83,2020-01-28T00:00:00,113.37999725341797,100.62499923437011,101.8410446369794,75.30830548450422,8.993341540778047,8.572205535880496,0.42113600489755143,4.379960731768241,113.45266469319661,17.775376982112668,98.13491797140966,ok
84,2020-01-29T00:00:00,116.197998,102.2878990122998,103.20837352869565,77.37096630128309,9.040601860458835,8.665884800796164,0.37471705966267166,4.394249381717273,115.88133238183593,21.507896410450744,108.11272866164462,ok
85,2020-01-30T00:00:00,128.16200256347656,104.51269912216307,105.5849096272462,83.62518928653539,9.92899590105064,8.91850702084706,1.0104888802035816,5.078802773955102,127.31266530354817,22.09160768056144,174.92182496733216,ok
86,2020-01-31T00:00:00,130.11399841308594,106.71579894531737,107.9210133211357,84.38355140548562,10.667594936229008,9.26832460392345,1.3992703323055586,5.008603168728398,129.07266743977866,20.94177466536655,167.1940178073162,ok
87,2020-02-03T00:00:00,156.0,110.08569907654297,112.4999644334085,90.60048781416923,13.18968154410004,10.052595991958768,3.137085552141272,6.587559971896794,149.31066385904947,50.433948496508954,257.31963356912996,ok
88,2020-02-04T00:00:00,177.41200256347656,114.44089927185546,118.68206330293879,93.0611778135959,16.723445540582887,11.386765901683592,5.3366796388992945,8.816877413217782,179.32866923014322,72.75117920358736,328.25832051521,ok
89,2020-02-05T00:00:00,146.94000244140625,117.09729957092773,121.37329560184045,66.41450947677399,16.87066865583212,12.483546452513298,4.387122203318821,10.800671622122984,152.3193359375,43.917732259957454,154.4118957643594,ok
90,2020-02-06T00:00:00,149.79200744628906,119.6654998732422,124.07983958702603,67.35662346360404,17.02126643989743,13.391090449990125,3.630175989907306,11.58390982552324,148.78600056966147,36.871348779882496,115.41689762466207,ok
91,2020-02-07T00:00:00,149.61399841308594,122.33279990681153,126.51166423712698,67.22986107584272,16.931081459637284,14.099088651919557,2.831992807717727,11.324344620003163,149.85466512044272,31.341733132744043,102.04356525932607,ok
92,2020-02-10T00:00:00,154.25599670410156,125.26409987934571,129.15398161493408,68.87487229105218,17.037778772282152,14.686826675992076,2.350952096290076,11.542891624684858,156.24466451009116,34.79202500286669,108.39577442612907,ok
93,2020-02-11T00:00:00,154.87600708007812,127.7593002272461,131.60369832590018,69.09800118717433,16.97667032902163,15.144795406597988,1.8318749224236424,11.082827204785493,154.39266967773438,37.10209566568332,89.9831004797399,ok
94,2020-02-12T00:00:00,153.45799255371094,130.0529998732422,133.68505968092978,67.89912249325762,16.62220904710989,15.440278134700367,1.1819309124095234,10.668053902769564,154.6939951578776,37.50223797813519,80.3351242615967,ok
95,2020-02-13T00:00:00,160.8000030517578,132.90800017841798,136.26743524005627,70.73077517002902,16.740757779962166,15.700374063752728,1.0403837162094387,11.091764774251425,157.13333638509116,41.823960969367825,78.38104807043003,ok
96,2020-02-14T00:00:00,160.00599670410156,135.77340011362304,138.5282506175844,70.01151467329595,16.579520437170572,15.876203338436296,0.7033170987342761,10.691923575839493,159.89999896920574,37.701164786076234,78.60892569910838,ok
97,2020-02-18T00:00:00,171.67999267578125,139.25239982370607,141.68555938503172,74.1703898875274,17.19551341777074,16.140065354303186,1.055448063467555,10.784929270129417,170.05066426595053,33.95545422345514,101.80038552208812,ok
98,2020-02-19T00:00:00,183.48399353027344,142.95459937814942,145.66636263695952,77.55924634503988,18.423798431787105,16.59681196979997,1.8269864619871363,11.248577249160352,184.21466064453125,41.01787337881082,135.89073183968986,ok
99,2020-02-20T00:00:00,179.8820037841797,146.25309943918458,148.92499512717097,74.35346102915933,18.888833965225075,17.05521636888499,1.8336175963400834,11.266249369825795,178.09000142415366,15.308976784730577,108.5306079930445,ok
100,2020-02-21T00:00:00,180.1999969482422,149.54109916452637,151.90356672917775,74.45385007047614,19.06328765305497,17.456830625718986,1.6064570273359848,10.927374641540247,179.63399759928384,1.5714801391569333,109.19841145009826,ok
101,2020-02-24T00:00:00,166.75799560546875,152.23079910043947,153.31827424120547,63.19330429322554,17.91042604605596,17.54754970978638,0.36287633626957927,11.272561774775653,167.96599833170572,13.487132730901585,62.58437832212084,ok
102,2020-02-25T00:00:00,159.98199462890625,154.64969901804199,153.95291427812936,58.3985275930777,16.26254378550695,17.290548524930493,-1.0280047394235439,11.461665464272704,162.90066528320312,6.802757607925791,37.127329558396085,ok
103,2020-02-26T00:00:00,155.75999450683594,156.7686988807129,154.1250171570538,55.56933826196806,14.449342075504177,16.72230723504523,-2.2729651595410516,11.174403819782242,157.88133239746094,4.107901773188916,5.827156160524532,ok
104,2020-02-27T00:00:00,135.8000030517578,157.7487991333008,152.3797777184542,44.574813901100455,11.271827547598292,15.632211297555841,-4.360383749957549,11.94480293658909,139.1846669514974,-11.964522642025122,-105.12156663717118,ok
105,2020-02-28T00:00:00,133.59800720214844,158.02059936523438,150.59103766928223,43.55109406430005,8.478210199582406,14.201411077961154,-5.723200878378748,12.220174372940427,131.33533731888022,-13.738732214944028,-152.371393976297,ok
106,2020-03-02T00:00:00,148.7239990234375,158.95109939575195,150.41322446491606,51.74879051008929,7.3994927052615935,12.841027403421242,-5.441534698159648,12.428733302705284,144.93200174967447,-3.0848790939426163,-84.07173877555863,ok
107,2020-03-03T00:00:00,149.1020050048828,158.6061996459961,150.28834642110337,51.93663995939292,6.500173291361875,11.572856581009368,-5.072683289647493,12.839109208078455,151.24000040898437,-7.274874269193687,-47.03329059208663,ok
108,2020-03-04T00:00:00,149.89999389648438,157.2305992126465,150.25136046637775,52.35830903028977,5.785159493575492,10.415317163522593,-4.630157669947101,12.519030101000306,149.38333129882812,-6.316015034302858,-53.84332159006239,ok
109,2020-03-05T00:00:00,144.9080047607422,157.12899932861328,149.74246944679342,49.43640486239043,4.760814399084495,9.284416610634974,-4.523602211550479,12.073813342600172,145.89066569010416,-15.594122237410701,-72.9962490386934,ok
110,2020-03-06T00:00:00,140.6959991455078,156.67419891357423,148.88090084667098,47.05054460001265,3.568010080543388,8.141135304616657,-4.573125224073269,11.786683879610315,139.64999898066407,-23.319742262807207,-106.19756751237075,ok
111,2020-03-09T00:00:00,121.5999984741211,155.27349891662598,146.2827196683329,38.078087103393415,1.0694880101166007,6.726805845716646,-5.657317835600045,12.351634970031565,125.06666819254558,-32.40013124380394,-170.25856503172116,ok
112,2020-03-10T00:00:00,129.0659942626953,154.01399879455568,144.64303153446266,42.68043695467455,-0.3046534124696052,5.320513994079396,-5.625167406549001,12.326518731414634,128.0886662801107,-28.37625058353015,-131.31484052456955,ok
113,2020-03-11T00:00:00,126.84600067138672,152.61249847412108,142.94807621416973,41.68824089517417,-1.5548816122358744,3.9454348728163415,-5.500316485052216,12.025767746588421,126.72066752115886,-23.93408171474396,-119.0360013680601,ok
114,2020-03-12T00:00:00,112.11000061035156,150.54509887695312,140.0111166328537,35.74766090736078,-3.692207054389087,2.417906487375256,-6.110113541764343,12.423641526931156,113.42000071207683,-29.923363644514133,-152.51444279035834,ok
115,2020-03-13T00:00:00,109.3239974975586,147.97129859924317,137.0885338580637,34.73973536727916,-5.54691860861351,0.8249414681775029,-6.3718600767910125,13.04438130451364,110.41266632080078,-29.81253123197778,-141.6704300891654,ok
116,2020-03-16T00:00:00,89.01399993896484,144.42169876098632,132.51000681814952,28.443549156698385,-8.556998194419464,-1.0514464643418906,-7.505551730077573,13.604782596308983,92.14066568895834,-34.45213701133814,-177.52089112182426,ok
117,2020-03-17T00:00:00,86.04000091552734,140.13969917297362,128.08429197028073,27.653212221760246,-11.05504909463373,-3.052166990400259,-8.002882104233471,13.716584253596901,86.53666687011719,-35.597841077569825,-168.22070788139962,ok
118,2020-03-18T00:00:00,72.24400329589844,134.57769966125488,122.76616923938718,24.282519175939697,-13.986763438024042,-5.239086279925015,-8.747677158099027,13.875257059771341,74.43933359781902,-51.42411193198654,-176.98099738710448,ok
119,2020-03-19T00:00:00,85.52799987792969,129.8599994659424,119.21967691924837,32.778997108532344,-15.064605279572092,-7.20419007985443,-7.860415199717662,14.220452997446714,82.54000091690104,-42.637927722615935,-136.0543340147813,ok
120,2020-03-20T00:00:00,85.50599670410156,125.12529945373535,116.00885023209153,32.772437275635745,-15.739147086337368,-8.911181481151019,-6.82796560518635,13.93627809753283,88.68799845514974,-42.95797185745786,-106.0208492645935,ok
121,2020-03-23T00:00:00,86.85800170898438,121.13029975891114,113.23257894417657,33.65107262851017,-15.980418506218811,-10.325028886164578,-5.655389620054233,13.390829880566198,85.78600056966145,-40.059900864416875,-99.85068087582702,ok
122,2020-03-24T00:00:00,101.0,118.18120002746582,112.06757142568355,42.165671091916145,-14.859199173723312,-11.231862943676324,-3.6273362300469874,13.56862755005561,99.51266733805339,-28.214021284609668,-54.429629316989725,ok
123,2020-03-25T00:00:00,107.8499984741211,115.78570022583008,111.66589781124904,45.794276855969954,-13.264976750912638,-11.638485705123587,-1.6264910457890505,13.342297119757273,107.15733337402344,-11.307565931364937,-27.065162104778363,ok
124,2020-03-26T00:00:00,105.63200378417969,114.27730026245118,111.09124123724243,44.8138370685472,-12.041708312285209,-11.719130226555912,-0.32257808572929747,13.071418972043025,106.69400024414062,-18.156595478448878,-24.492992970642394,ok
125,2020-03-27T00:00:00,102.87200164794922,112.74099998474121,110.3084565144526,43.56395056706043,-11.166250779358634,-11.608554337116455,0.44230355775782115,12.62531790463426,102.27933502197266,-18.900082695981624,-34.598289062698676,ok
126,2020-03-30T00:00:00,100.4260025024414,110.3261001586914,109.36727041807059,42.43439391710593,-10.5482227206748,-11.396488013828124,0.8482652931533234,12.086652313859602,100.6673355102539,-10.421905311122915,-35.066719570581924,ok
127,2020-03-31T00:00:00,104.80000305175781,108.11100006103516,108.93229257365985,45.172116612193356,-9.594881916111802,-11.03616679428486,1.4412848781730574,11.879891529916227,104.26400248347005,-4.138153149679525,-16.395397555312336,ok
128,2020-04-01T00:00:00,96.31199645996094,105.43160018920898,107.73035961045044,41.08838660456216,-9.415725037624739,-10.712078442952835,1.2963534053280963,11.729899735762054,98.04066467182942,8.198706412474642,-34.92869947756525,ok
129,2020-04-02T00:00:00,90.89399719238281,102.73089981079102,106.12689652301542,38.68435664056606,-9.600263321834845,-10.489715418729237,0.8894520968943915,11.575763940078437,93.00866444905597,5.641557676900821,-51.68479809127826,ok
130,2020-04-03T00:00:00,96.00199890136719,100.49619979858399,105.16262055904892,42.122525000548556,-9.227963968612272,-10.237365128705843,1.0094011600935708,11.620638114385056,97.59266662470702,32.8857683981884,-20.869262910350535,ok
131,2020-04-06T00:00:00,103.24800109863281,99.57859992980957,104.9802758485331,46.68922959509291,-8.253085793301452,-9.840509261624964,1.5874234683235127,11.376163823848623,102.34666697184245,20.718362695250782,15.245423849620904,ok
132,2020-04-07T00:00:00,109.08999633789062,98.57980003356934,105.37167779990048,50.10727618621279,-6.929211981099471,-9.258249805519865,2.3290378244203946,11.260152043671377,109.51933288574219,27.581690808660888,74.75623168556753,ok
133,2020-04-08T00:00:00,109.76799774169922,97.72589988708496,105.79037493721465,50.50390841823145,-5.758937948089269,-8.558387434033746,2.7994494859444767,10.796998396020744,109.29199981689453,26.376379357050173,86.68053998992148,ok
134,2020-04-09T00:00:00,114.5999984741211,97.85039978027343,106.6293867026343,53.35021401724485,-4.390968912824377,-7.724903729791872,3.3339348169674947,10.402070322811673,113.68599955240886,13.46534502388228,120.79683888315402,ok
135,2020-04-13T00:00:00,130.19000244140625,98.89370002746583,108.87325486823164,61.118982211458565,-2.0255117292542195,-6.585025329684341,4.5595136004301215,10.787636401351072,125.56533304850261,20.713958538113197,192.34421179812747,ok
136,2020-04-14T00:00:00,141.97799682617188,101.54189987182617,112.02608743565452,65.76189574206998,0.7912022740855207,-5.1097798089303685,5.900982083015889,11.316091275445416,142.94666544596353,34.408126079149184,254.56369509911713,ok
137,2020-04-15T00:00:00,145.96600341796875,104.53819999694824,115.25846038635112,67.1893696385841,3.307144514519706,-3.4263949442403536,6.73353945876006,11.12551405962119,146.19733683268228,41.89089458713631,222.3819844930884,ok
138,2020-04-16T00:00:00,149.04200744628906,108.37810020446777,118.47594105872616,68.28762406459352,5.48601531467439,-1.643912892457405,7.129928207131795,11.084120576051708,147.42533364531252,48.40977807780986,190.36302108390177,ok
139,2020-04-17T00:00:00,150.7779998779297,111.64060020446777,121.55232761293603,68.9199139170682,7.269072855613928,0.1386842571568616,7.130388598457066,10.717254681110514,151.76666768391928,43.8721330985693,169.54157139427502,ok
140,2020-04-20T00:00:00,149.27200317382812,114.8289005279541,124.19229671397336,67.65960284322166,8.463080333166843,1.8035634723588583,6.659516860807985,10.714021994624941,148.2760009765625,54.98796480237418,128.60084582399736,ok
141,2020-04-21T00:00:00,137.3439941,117.3532001475049,125.44483932216637,58.53021298978192,8.350588825836923,3.112968543054471,5.237620282782451,11.085020763633317,140.92266335722658,51.10348135455289,86.5104212660372,ok
142,2020-04-22T00:00:00,146.4219970703125,119.62430000102052,127.44266386960886,62.65970899483529,8.891462225693544,4.268667279582286,4.6227949461112585,10.968662777070781,143.65466817220053,52.51973786581987,84.42088928387591,ok
143,2020-04-23T00:00:00,141.12600708007812,121.28810043131837,128.74583941346307,58.970433523038984,8.791424095583082,5.173218642782445,3.6182054528006367,10.626186576685702,142.85067240397134,36.686430321552145,72.592537376686,ok
144,2020-04-24T00:00:00,145.02999877929688,123.25800018107422,130.2967117340187,60.802565550752625,8.924289011296537,5.923432716485264,3.000856294811273,10.332172857857147,143.6039988220703,32.94527788788923,67.60432586810653,ok
145,2020-04-27T00:00:00,159.75,126.10190009867677,133.1017868069693,66.8189268659392,10.100929267580597,6.758932026704331,3.3419972408762657,10.656160240568802,155.54933166503906,45.53422061675574,96.74081794950119,ok
146,2020-04-28T00:00:00,153.82400512695312,128.77180022990234,135.07533140887253,62.64989941779381,10.434959173456576,7.49413745605478,2.9408217174017963,10.585148977919356,155.38733418782553,34.22688235173892,87.54104928571952,ok
147,2020-04-29T00:00:00,160.1020050048828,131.5369003275586,137.45882413230208,65.13193402148549,11.078555709080803,8.211021106659985,2.867534602420818,10.315923641117639,159.12466939290366,22.975652509829892,91.8642902216727,ok
148,2020-04-30T00:00:00,156.37600708007812,134.54010085856447,139.26046060351885,62.47824007932815,11.159316058271145,8.800680096982216,2.358635961288929,11.09792963592062,161.01333618164062,10.141015210641546,92.88382543517895,ok
149,2020-05-01T00:00:00,140.26400756835938,137.00860137736328,139.35603650493223,52.51439936543619,9.81013043281854,9.00257016414948,0.8075602686690591,11.717220759861558,143.8086700439453,-3.9063862242510683,27.543594233173167,ok
150,2020-05-04T00:00:00,152.23800659179688,139.82040176188477,140.58289079891935,57.88923931810887,9.59647061494249,9.121350254308082,0.4751203606344081,11.794561262226358,148.07933553059897,2.1443613114642046,41.397236034292554,ok
151,2020-05-05T00:00:00,153.64199829101562,142.34010162150392,141.82661532197613,58.48263366192976,9.431711171074824,9.18342243766143,0.24828873341339275,11.491091885655502,155.2873331705729,1.8994803057506005,77.91101204500146,ok
152,2020-05-06T00:00:00,156.51600646972656,144.7114021280957,143.22560495509524,59.733476075234535,9.424407858413844,9.231619521811913,0.1927883366019305,11.080157221808458,155.56600443522134,4.852888111552134,78.3387359810334,ok
153,2020-05-07T00:00:00,156.00799560546875,147.0234020212842,144.44297549322604,59.39285096578837,9.270760147261,9.23944764690173,0.031312500359270246,10.632288674435978,156.58599853515625,13.589237467405745,82.50713350240198,ok
154,2020-05-08T00:00:00,163.88400268554688,149.48760223185548,146.2945018924947,62.92291240987919,9.673016663175844,9.326161450156553,0.3468552130192908,10.500840015282627,162.0286661783854,11.92580757305819,123.56568469416382,ok
155,2020-05-11T00:00:00,162.25799560546875,151.0910018900586,147.81483462706368,61.72981538894992,9.748231127511161,9.410575385627475,0.33765574188368674,10.307923089316569,161.35266621907553,14.973844270531833,108.8861121229474,ok
156,2020-05-12T00:00:00,161.8820037841797,152.086202237959,149.15456502297948,61.43970936476545,9.666075236303385,9.461675355762656,0.20439988054072877,10.075785629881569,164.04667154947916,11.619668445648813,122.86756349845423,ok
157,2020-05-13T00:00:00,158.19200134277344,152.69750213419923,150.01527324391225,58.53240132358719,9.197194212409585,9.408779127092043,-0.211584914682458,10.251800462470943,158.68400065104166,-0.975273024867962,61.45156902270261,ok
158,2020-05-14T00:00:00,160.66600036621094,153.27870178019532,151.0296282079407,59.90239292987946,8.922382002255205,9.311499702124674,-0.38911769986946965,10.081814287905496,158.0460001627604,4.447937260254675,50.18355149770649,ok
159,2020-05-15T00:00:00,159.83399963378906,153.73150176798828,151.86813977230722,59.19412674795837,8.539023294821334,9.157004420664006,-0.6179811258426717,9.62597019221526,159.3846638997396,-0.16739663634167679,59.195259675510954,ok
160,2020-05-18T00:00:00,162.7259979248047,154.40420150553712,152.9022215011165,60.923645906644666,8.372060942755354,9.000015725082275,-0.6279547823269205,9.446258079224995,163.48199971516928,4.060719392505541,94.93249179966793,ok
161,2020-05-19T00:00:00,161.6020050048828,155.61710205078126,153.730772310999,59.861701011800484,8.056178628376472,8.811248305741113,-0.7550696773646415,8.999953791199996,162.4106699625651,15.212739038647616,82.58279255975977,ok
162,2020-05-20T00:00:00,163.11199951171875,156.45160217285155,154.62422252059133,60.849014942655195,7.837339583429809,8.616466561278852,-0.7791269778490424,8.614099373497094,163.55733235677084,7.142758344884825,90.91250449523356,ok
163,2020-05-21T00:00:00,165.52000427246094,157.6713020324707,155.66191602076938,62.435866609815676,7.768661627893408,8.446905574601763,-0.6782439467083545,8.520235350515717,163.74000040690103,7.730962961668197,89.07178840817778,ok
164,2020-05-22T00:00:00,163.37600708007812,158.58860244750977,156.39659135975117,60.10014689300883,7.4552912413668935,8.248582707954789,-0.7932914665878954,8.194219176274082,164.04400126139322,4.382938694310745,91.05024406078886,ok
165,2020-05-26T00:00:00,163.7740020751953,158.78980255126953,157.0992019040792,60.396329873415965,7.1565614368171,8.03017845372725,-0.8736170169101509,7.878774940678054,164.61199951171875,4.977954135995799,91.83558812316168,ok
166,2020-05-27T00:00:00,164.04600524902344,159.30090255737304,157.7608022226453,60.61152824327395,6.862655872340525,7.7966739374499054,-0.9340180651093801,7.92614869107884,162.19600423177084,0.09885196896697312,47.8245327854742,ok
167,2020-05-28T00:00:00,161.16200256347656,159.35390243530273,158.08472606462925,57.07055986801948,6.324118183121925,7.502162786584309,-1.178044603462384,7.689423749695976,162.1499989827474,-0.6754631954514645,43.46477689757186,ok
168,2020-05-29T00:00:00,167.0,159.88510208129884,158.9337997727598,61.920248361444024,6.295826419461122,7.260895513159672,-0.96506909369855,7.58003667905642,164.94733174641928,3.161559713977602,82.96408372494135,ok
169,2020-06-01T00:00:00,179.6199951171875,161.85290145874023,160.90391361508625,69.84951311844581,7.208636455349108,7.250443701597559,-0.041807246248451335,7.952891419963662,176.74666849772134,13.545560832739877,271.6052944495754,ok
170,2020-06-02T00:00:00,176.31199645996094,163.05660095214844,162.3713500765029,65.97169634913244,7.577765377415943,7.315908036761236,0.2618573406547071,7.922827581442262,177.41466267903647,9.738212227906097,261.2125885035775,ok
171,2020-06-03T00:00:00,176.5919952392578,164.20410079956054,163.7256972348605,66.14303189096874,7.802948733196644,7.413316176048317,0.38963255714832634,7.611767980200851,177.3999989827474,10.484625075931643,215.13486704225141,ok
172,2020-06-04T00:00:00,172.87600708007812,165.02210083007813,164.5971553153574,61.70271177417253,7.594019842740465,7.449456909386747,0.1445629333537184,7.601069578504027,174.5713348388672,6.237484658083781,138.4026933310595,ok
173,2020-06-05T00:00:00,177.1320037841797,166.07830123901368,165.7909504076262,64.63131627115554,7.683297288519469,7.496224985213291,0.18707230330617808,7.374421306783315,175.89200337727866,9.61002852583892,126.86282291353426,ok
174,2020-06-08T00:00:00,189.98399353027344,167.38330078125,168.09504975264022,71.6752148830146,8.690915013094298,7.735162990789492,0.9557520223048055,7.766819514571672,187.2719980875651,16.47456600311252,201.60889838436503,ok
175,2020-06-09T00:00:00,188.13400268554688,168.6771011352539,170.0035214605361,69.52866022377948,9.23373971552553,8.0348783357367,1.1988613797888306,7.64790419245104,187.93599955240884,13.662395981975228,166.22219933232572,ok
176,2020-06-10T00:00:00,205.00999450683594,170.83350067138673,173.3374712744694,76.45564404784103,10.900034887327763,8.607909646054912,2.292125241272851,8.341768143827304,202.33533223470053,25.48353835477879,220.25676176842308,ok
177,2020-06-11T00:00:00,194.5679931640625,172.65230026245118,175.35942574014493,66.39778918086209,11.248339716668625,9.135995660177654,2.1123440564909703,8.503784748579037,197.58666483561197,18.80273468235112,158.258413283203,ok
178,2020-06-12T00:00:00,187.05599975585938,173.9718002319336,176.47338517021296,60.256547424744625,10.79379457072099,9.467555442286322,1.3262391284346684,8.973227892932766,189.05733235677084,14.026549730306769,94.08981460203475,ok
179,2020-06-15T00:00:00,198.17999267578125,175.88909988403321,178.54068112312422,65.36519056503536,11.20204730103245,9.814453814035549,1.3875934869969022,9.62285507364125,193.21599833170572,22.969427981465106,107.61551885064948,ok
180,2020-06-16T00:00:00,196.42599487304688,177.5740997314453,180.24404433740256,63.96894380317579,11.254324717428375,10.102427994714114,1.1518967227142607,9.656794511391764,197.15999857584634,17.62035621140532,116.17688813581202,ok
181,2020-06-17T00:00:00,198.35800170898438,179.4118995666504,181.96918313469607,64.85935312127954,11.321148597899622,10.346172115351216,0.9749764825484064,9.293738126789004,198.62400309244788,10.43202711344684,107.99142911045523,ok
182,2020-06-18T00:00:00,200.79200744628906,181.2958999633789,183.7618330691335,65.99933446387439,11.438653251411097,10.564668342563191,0.8739849088479055,9.021470734083092,201.17533365885413,13.884484027090771,107.0627461533759,ok
183,2020-06-19T00:00:00,200.17999267578125,183.0288993835449,185.32546731738566,65.42461729402449,11.351538587980286,10.72204239164661,0.629496196333676,8.728936744009076,200.54733276367188,13.357342389480875,93.11164959231685,ok
184,2020-06-22T00:00:00,198.86399841308594,184.8032989501953,186.61485123126187,64.13142741240188,11.048944496382404,10.78742281259377,0.2615216837886347,8.374870060424723,199.5479990641276,15.032734600915365,80.31663567775078,ok
185,2020-06-23T00:00:00,200.3560028076172,186.6323989868164,187.9235323337719,64.97666612720604,10.804975749578773,10.79093339999077,0.014042349588002878,8.033664477286127,200.5193329013672,13.11112533437717,79.4437985856566,ok
186,2020-06-24T00:00:00,192.1699981689453,188.0385986328125,188.32795765140747,57.035294131856496,9.83768390270663,10.600283500533942,-0.7625995978273128,8.154688216492252,194.32466634114584,1.1506256911709478,39.90608977433198,ok
187,2020-06-25T00:00:00,197.1959991455078,189.84029846191407,189.17253303179797,60.24773580588636,9.36865835810002,10.353958472047157,-0.9853001139471367,8.26978237743756,193.940663655599,4.816777579068177,31.298328306499435,ok
188,2020-06-26T00:00:00,191.947998,191.08769836191408,189.43686302876958,55.57512218807932,8.475778898631546,9.978322557364034,-1.5025436587324883,8.252369420232199,193.9739990078125,-6.371394984062784,24.66577589345388,ok
189,2020-06-29T00:00:00,201.8699951171875,192.20019836191406,190.62097084671413,61.63355816515375,8.471137737186808,9.676885593328588,-1.2057478561417803,8.541200550860145,197.85799662272134,3.7529307027224457,52.206636304212346,ok
190,2020-06-30T00:00:00,215.96200561523438,194.18269881967774,193.03440272943035,68.2551966564737,9.495113302996657,9.640531135262203,-0.1454178322655455,9.130542810620135,211.41533406575522,15.453129489084748,166.93000397050312,ok
191,2020-07-01T00:00:00,223.92599487304688,196.5493988013672,195.9764591240605,71.27272127419073,10.824470928650442,9.87731909393985,0.947151834710592,9.271503227537336,222.36399841308594,12.991221691780774,239.410180307858,ok
192,2020-07-02T00:00:00,241.73199462890625,199.9921981788086,200.33412917214105,76.62310958641514,13.163056274816398,10.534466530115159,2.628589744701239,10.15739665631815,241.48399861653647,23.065175149114726,331.1672929975036,ok
193,2020-07-06T00:00:00,274.3160095214844,204.8513984656738,207.38002253874518,82.89963308793155,17.444569557119962,11.91648713551612,5.528082421603843,11.848012558517524,267.6940053304036,38.29339233006579,333.9454816426051,ok
194,2020-07-07T00:00:00,277.97198486328125,209.2507980323242,214.10306656965338,83.43698063857916,20.891877773573867,13.71156526312767,7.180312510446198,12.32729618994038,277.0713297526042,38.437773693575664,257.1252549010715,ok
195,2020-07-08T00:00:00,273.1759948730469,213.5028976416992,219.72905974140514,79.89044460855685,22.972090106063774,15.563670231714891,7.408419874348883,12.959917210552899,272.96533203125,36.465183768635946,184.16478061771042,ok
196,2020-07-09T00:00:00,278.8559875488281,217.1951972937988,225.36019572306446,80.92457253547354,24.79320072125566,17.409576329623043,7.383624391632615,12.852494099252246,276.9413350423177,40.22446987593027,155.1354993507646,ok
197,2020-07-10T00:00:00,308.92999267578125,222.91329726938474,233.31922400427558,85.2497147646716,28.336519125379397,19.594964888774314,8.741554236605083,14.40460171590722,297.9719950358073,54.19053502101323,166.43508557718758,ok
198,2020-07-13T00:00:00,299.4119873046875,228.53109664682614,239.6137728900291,79.13424351044944,30.030428909544327,21.682057692928318,8.348371216616009,18.002558805954024,317.5439860026042,55.805791828889404,167.5793710630512,ok
199,2020-07-14T00:00:00,303.3599853515625,233.79009628061522,245.6848407435085,79.78211429865834,31.330279109885282,23.61170197631971,7.718577133565571,18.98808944788365,302.51999918619794,53.83678505957818,118.98536362104088,ok
200,2020-07-15T00:00:00,309.2019958496094,239.42889632944335,251.7340936107562,80.73531899461602,32.457669373701606,25.38089545579609,7.076773917905516,18.96036920900022,303.53399658203125,61.08633539882471,105.50042819733501,ok
201,2020-07-16T00:00:00,300.12799072265625,244.51739578012695,256.3430361928419,74.83372699033914,32.24721211301784,26.75415878724044,5.4930533257773995,18.749055954255784,299.89000447591144,48.67389804434732,88.5820399023823,ok
202,2020-07-17T00:00:00,300.1679992675781,249.4861953711914,260.5168421999596,74.84245896016128,31.718025913922986,27.746932212576947,3.971093701346039,18.08855296896296,301.89000447591144,38.99111485488247,82.26954305663524,ok
203,2020-07-20T00:00:00,328.6000061035156,255.9071960425781,267.00095304791733,80.1211286501933,33.21004267460523,28.839554304982606,4.3704883696226275,19.110798749500205,318.73333740234375,46.74491288508638,98.03693700002229,ok
204,2020-07-21T00:00:00,313.6719970703125,261.64759597543946,271.44581438338355,71.62361987848188,32.80970132292299,29.633583708570683,3.1761176143523073,19.417169831427646,320.0906677246094,29.76023200894222,92.34688956662215,ok
205,2020-07-22T00:00:00,318.46600341796875,267.553096005957,275.9239276247726,72.6276306084396,32.50457169537327,30.2077813059312,2.296790389442073,18.950515035293307,318.71666463216144,16.094574273480955,84.7344942040141,ok
206,2020-07-23T00:00:00,302.6140137,273.0752967825098,278.4658405843181,64.50088117982513,30.630541363576185,30.292333317460198,0.3382080461159873,20.57162082518307,312.18933106406257,8.864932503481882,70.04162580962665,ok
207,2020-07-24T00:00:00,283.3999938964844,277.3854965200586,278.93575994738154,56.28049802567085,27.28047566216037,29.689961786400232,-2.409486124239862,21.195505036526022,283.2360026041667,3.742641818944925,12.769359108032164,ok
208,2020-07-27T00:00:00,307.9200134277344,283.1840972914453,281.6961650407485,62.79670767528551,26.300904654573515,29.012150360034887,-2.711245705461373,21.609255147616796,300.0360107421875,10.42259344487524,41.004735371309465,ok
209,2020-07-28T00:00:00,295.2980041503906,287.8554977431055,282.9915782892858,58.00410995993046,24.226825151809123,28.055085318389736,-3.8282601665806126,21.355451191062695,301.04066975911456,-4.412646505222062,37.093850656165,ok
210,2020-07-29T00:00:00,299.8219909667969,292.0484970106836,284.5944747347631,59.20584725131512,22.686632750076683,26.981394804727124,-4.294762054650441,20.663204782047057,301.39466349283856,0.13693628828967963,31.558942910393252,ok
211,2020-07-30T00:00:00,297.49798583984375,295.72709655902344,285.8233805542946,58.2831772481192,21.036001453690858,25.792316134519872,-4.756314680829014,19.79069001524905,298.11533610026044,-1.932357527287365,10.62349382118351,ok
212,2020-07-31T00:00:00,286.1520080566406,297.94809723041016,285.85467841166087,53.86937127201574,18.597953048418674,24.35344351729963,-5.755490468880957,19.749497104003584,291.25267537434894,-7.454669795915503,-38.30788426979599,ok
213,2020-08-03T00:00:00,297.0,299.08229675433597,286.9161376105503,57.20626461044756,17.341225557736436,22.95099992538699,-5.609774367650555,19.468104279331452,295.9460042317708,-1.0422189263735726,-23.368000777575215,ok
214,2020-08-04T00:00:00,297.3999938964844,300.0536972059961,287.9146001139726,57.32883234868352,16.190897543300537,21.5989794489697,-5.408081905669164,19.011954025980767,298.4273274739583,-0.9221520541322858,-15.999884299070303,ok
215,2020-08-05T00:00:00,297.0039978027344,301.24509735248046,288.7802570367118,57.15430353652883,15.073542316041085,20.29389202238398,-5.220349706342894,18.10438586382924,296.87799072265625,-9.615340144220163,-40.81543294539958,ok
216,2020-08-06T00:00:00,297.9159851074219,302.19809723041016,289.65032637677945,57.47538629686763,14.099094417952017,19.054932501497586,-4.955838083545569,17.383358999671795,298.9433288574219,-5.023085296121854,-36.14378468479453,ok
217,2020-08-07T00:00:00,290.5419922,301.27869720662113,289.7352469313719,53.95462131441749,12.586725896430323,17.761291180484132,-5.174565284053809,17.352261788757737,291.1646728557292,-8.76828638481706,-100.97934721633787,ok
218,2020-08-10T00:00:00,283.7139892578125,300.49379730427734,289.1617938196043,50.84856378448129,10.713699316984616,16.35177280778423,-5.638073490799613,17.136528856162318,284.12732950846356,-6.245587972315203,-155.46313511617157,ok
219,2020-08-11T00:00:00,274.87799072265625,299.06969757283207,287.80143161989497,47.07205399460188,8.419268930660166,14.765272032359416,-6.3460031016992495,16.69820536643644,277.29266357421875,-3.0070583476938584,-183.81950412766352,ok
220,2020-08-12T00:00:00,310.9519958496094,299.15719757283205,290.00624726082015,60.10073001141342,9.403390616109789,13.692895749109491,-4.289505132999702,18.514191360072676,304.98399861653644,0.9846655916006419,42.927002998215855,ok
221,2020-08-13T00:00:00,324.20001220703125,300.3607986470508,293.26279630331646,63.64049465259503,11.124086795716721,13.179133958430937,-2.0550471627142155,18.569177447355433,322.62933349609375,9.787403792245497,154.46654971130693,ok
222,2020-08-14T00:00:00,330.1419982910156,301.8594985982227,296.7751012545259,65.13456149227915,12.819444951160051,13.107196156976759,-0.28775120581670777,17.925664600613526,329.7433370069011,10.112669596532854,164.61303484027212,ok
223,2020-08-17T00:00:00,367.12799072265625,303.7858978291797,303.4753764419669,72.66420070476526,16.952076008220445,13.876172127225496,3.0759038809949484,19.43311704194805,356.95533243815106,23.405202118006073,258.4267526209622,ok
224,2020-08-18T00:00:00,377.4179992675781,306.97319793904296,310.517530996787,74.32548667639641,20.81756169459237,15.264450040698872,5.553111653893499,19.30589497156895,377.0733337402344,31.894234057890092,266.5168778684008,ok
225,2020-08-19T00:00:00,375.70599365234375,309.8351974507617,316.7259560116019,73.52487658922793,23.47226870241957,16.90601377304301,6.566254929376559,18.923903031635454,375.38267008463544,26.5003345630787,203.29766441666814,ok
226,2020-08-20T00:00:00,400.3659973144531,314.72279663148436,324.6916742309211,77.31530931664793,27.251856892966146,18.975182397027638,8.276674495938508,19.92834016860569,392.0586649576823,34.62205969439529,192.549347485934,ok
227,2020-08-21T00:00:00,409.9960021972656,321.05259704652343,332.81589594200153,78.60358795824516,30.670715757772996,21.31428906917671,9.356426688596287,19.842886915770016,411.3680013135417,38.04393382932807,187.77951568561954,ok
228,2020-08-24T00:00:00,402.8399963378906,325.79859619203125,339.48485788446715,75.18657888090434,32.428935588907734,23.537218373122915,8.89171721578482,21.303822849660328,404.71466064453125,35.219329097978914,143.17197311377709,ok
229,2020-08-25T00:00:00,404.6679992675781,331.26709594789065,345.6927761114301,75.47981561707445,33.58272132462764,25.54631896342386,8.03640236120378,20.638549091425663,401.28600056966144,39.28038291587723,116.41800811383814,ok
230,2020-08-26T00:00:00,430.6340026855469,337.8076965338281,353.78241673753644,79.23386740417695,36.175337528979696,27.67212267653503,8.503214852444668,21.20236793771334,424.8533426920573,51.784550283217555,130.5371204771085,ok
231,2020-08-27T00:00:00,447.75,345.32029724183593,362.73171038158057,81.269535028215,39.15971368534889,29.969640878297803,9.190072807051088,21.875055593390066,445.1233317057292,62.890451440969116,136.80847219166384,ok
232,2020-08-28T00:00:00,442.67999267578125,353.146696472793,370.3458325048378,78.80521412646925,40.64719056051132,32.105150814740504,8.542039745770815,22.19783822274055,447.8939920904948,42.36280795247944,123.55032000692879,ok
233,2020-08-31T00:00:00,498.32000732421875,363.2126968390039,382.53384915430263,84.39690894711052,45.78789651089272,34.841699953970945,10.946196556921777,24.900137585178726,479.52333577473956,53.707584380347285,143.88337202416287,ok
234,2020-09-01T00:00:00,475.04998779296875,372.09519653382813,391.3449099770327,75.43350607651412,47.43741788820415,37.360843540817584,10.076574347386568,25.405840643380248,482.683329264323,43.892625068022625,131.66126226787043,ok
235,2020-09-02T00:00:00,447.3699951171875,379.6134963995508,396.68063237133316,66.39977990481084,45.98109000297893,39.08489283324985,6.896197169729078,28.87113869940554,443.8433329264323,21.856683887431892,79.23233931112487,ok
236,2020-09-03T00:00:00,407.0,385.0676971441797,397.66342928834905,55.887544727806066,41.09569287554274,39.48705284170843,1.6086400338343054,30.049628443532825,413.59999593098956,7.837994157626049,38.05963541651795,ok
237,2020-09-04T00:00:00,418.32000732421875,391.45659790039065,399.6307224346223,57.900252014396706,37.70279607648581,39.13020148866391,-1.4274054121780964,31.90179862516106,406.1133321126302,11.34238324430552,23.47092471270179,ok
238,2020-09-08T00:00:00,330.2099914550781,393.7813980102539,393.0192242460943,41.88213517977549,27.586162890210744,36.82139376897327,-9.235230878762529,35.94024175489286,342.94332884596355,-17.522968066709588,-72.83967216870538,ok
239,2020-09-09T00:00:00,366.2799987792969,398.35149841308595,390.4726313444946,48.19994901604462,22.22303305343479,33.90172162586558,-11.678688572430787,36.14379652560922,358.93000285976564,-10.66254382571643,-61.302051625824014,ok
240,2020-09-10T00:00:00,371.3399963378906,401.3708984375,388.6504756295799,49.03690331345038,18.171543293644163,30.755685959421292,-12.58414266577713,36.307096248166154,376.9633280321614,-7.819481751156287,-41.55860997127541,ok
241,2020-09-11T00:00:00,372.7200012207031,403.7968978881836,387.13328759063927,49.277608957364016,14.900301924988241,27.584609152534682,-12.68430722754644,35.28516080186857,371.9066670735677,-7.894866434879633,-59.60573883251583,ok
242,2020-09-14T00:00:00,419.6199951171875,408.2707977294922,390.2272597360248,56.75343120602794,15.908869574621349,25.249461236952015,-9.340591662330667,36.14193494311345,404.30666097005206,-2.5576260814689777,-3.4632769192633375,ok
243,2020-09-15T00:00:00,449.7600098,412.40239868335937,395.89704545640336,60.75641038337765,18.92209190074493,23.983987369710597,-5.061895468965666,36.58322582747811,447.4666748161458,0.44891341150194997,81.62112764828966,ok
244,2020-09-16T00:00:00,441.7600098,415.6194992099805,400.26494682246016,59.190331414258225,20.429065610377393,23.273003017843955,-2.843937407466562,35.57585333882454,444.9533386345052,-0.20782120064212206,67.8870948761181,ok
245,2020-09-17T00:00:00,423.42999267578125,418.0056991611524,402.4711416656336,55.65076353834037,19.91470956544657,22.60134432736448,-2.686634761917908,35.44615022890849,423.0733337402344,-15.02849846438381,15.641685142010504,ok
246,2020-09-18T00:00:00,442.1499938964844,420.0948989902539,406.25007997333364,58.387606362569436,20.77810923371419,22.236697308634422,-1.4585880749202325,34.88356859285923,440.6499938964844,-6.925585673485479,49.9835438623488,ok
247,2020-09-21T00:00:00,449.3900146484375,422.0645996128125,410.3586451804864,59.430364147341784,21.79532590862425,22.148423028632386,-0.35309712000813676,35.864026932766606,437.3800048828125,0.4515321888587609,39.025629485842146,ok
248,2020-09-22T00:00:00,424.2300109863281,423.1341003452344,411.6797276381856,54.334777316525546,20.336844938329932,21.786107410571894,-1.449262472241962,35.573025619349124,426.53000896328126,4.233417932758754,12.624655968549208,ok
249,2020-09-23T00:00:00,380.3599853515625,421.9186996494336,408.6968950394596,46.79995340291544,15.462798316228259,20.521445591703166,-5.0586472754749074,36.48566708250387,389.4633280436198,-9.074397903047304,-68.98808530461964,ok
250,2020-09-24T00:00:00,387.7900085449219,419.7764999424024,406.70576299236075,48.11235320325561,12.060594997342776,18.82927547283109,-6.768680475488313,37.32240601997012,379.5299987792969,17.437393955317958,-80.56182975377764,ok
251,2020-09-25T00:00:00,407.3399963378906,417.7559997592969,406.7661661681255,51.50247078046867,10.817151594266534,17.226850697118177,-6.4096991028516435,36.152234335786986,402.4566650390625,11.210002647000827,-28.786688392626356,ok
252,2020-09-28T00:00:00,421.20001220703125,416.6820007358594,408.1408181718308,53.80673039981606,10.825313708548322,15.946543299404206,-5.121229590855885,35.0513597571147,421.60999552408856,13.427052394262384,15.325380438593463,ok
253,2020-09-29T00:00:00,419.07000732421875,412.7195007358594,409.1816933292011,53.38692477258548,10.538428209615404,14.864920281446446,-4.3264920718310425,33.75483362421254,419.72333780924487,12.435610096510441,19.5959438850293,ok
254,2020-09-30T00:00:00,429.0100098,410.417501836211,411.07010442165813,55.145684309168566,10.986498991030942,14.089236023363345,-3.102737032332403,32.405201604737535,427.8033345654948,2.237742431742351,50.638116233974955,ok
255,2020-10-01T00:00:00,448.1600036621094,410.45700226345707,414.6024757778916,58.402079884808366,12.739984167852072,13.81938565226109,-1.0794014844090185,31.50982971031432,443.82000732421875,-0.3557466433269818,93.69251009925603,ok
256,2020-10-02T00:00:00,415.0899963378906,410.8615020803516,414.6489063074153,51.454879560969296,11.330549073482473,13.321618336505367,-1.9910692630228937,31.627699278299684,423.0733337402344,-6.037217690705821,36.03775812700848,ok
257,2020-10-05T00:00:00,425.67999267578125,411.2295013479297,415.6994859615454,53.367870692981725,10.941953774950775,12.845685424194448,-1.9037316492436727,30.693579209174484,426.21666463216144,0.5313747346477715,40.92201066931002,ok
258,2020-10-06T00:00:00,413.9800109863281,415.41800232449225,415.53572644009614,50.97773811575674,9.579472266401751,12.192442792635909,-2.6129705262341574,30.1247529075426,416.26999918619794,-6.371137238271995,6.703187943911618,ok
259,2020-10-07T00:00:00,425.29998779296875,418.36900177517583,416.4656560927507,53.16334968891221,9.30585131674178,11.615124497457083,-2.3092731807153033,29.119412542215898,423.01666259765625,-5.360605725588863,21.10072596068354,ok
260,2020-10-08T00:00:00,425.9200134277344,421.09800262966803,417.36607107703486,53.286199256418286,9.034887075573636,11.099077013080393,-2.0641899375067574,28.018026803988423,430.0733337402344,0.3983693745468475,43.163548258181144,ok
261,2020-10-09T00:00:00,434.0,424.16200256863283,418.9502547839839,54.94471361506129,9.364188811755696,10.752099372815454,-1.3879105610597584,26.636023668714696,431.68332926432294,14.102433671843428,45.70104224172037,ok
262,2020-10-12T00:00:00,442.29998779296875,425.2960022024219,421.1740388800777,56.647422691935105,10.177581633425689,10.637195824937502,-0.4596141915118128,25.786306992377934,443.20665485507806,14.056571352258661,96.95036714362809,ok
263,2020-10-13T00:00:00,446.6499938964844,425.1405014072461,423.60032031021166,57.552822932702675,11.045880409277515,10.718932741805505,0.32694766747201065,24.822285674702503,444.0466715494792,9.65041437423344,103.57083711428001,ok
264,2020-10-14T00:00:00,461.29998779296875,426.11750030689456,427.190764832379,60.541624910729375,12.76895297572679,11.128936788589762,1.6400161871370287,24.42426526936661,458.18332926432294,9.52041178152372,167.78395265980845,ok
265,2020-10-15T00:00:00,448.8800048828125,427.3900009172461,429.2564067419441,56.88473167813953,12.982655603607896,11.49968055159339,1.4829750520145062,24.02253116390962,449.31667073567706,7.113369374470846,108.35391734054208,ok
266,2020-10-16T00:00:00,439.6700134277344,427.2660018938086,430.24817880725743,54.26704712228504,12.267435773153977,11.653231595905506,0.614204177248471,23.528065088167192,444.82334391276044,2.4847913531677257,84.55641881752298,ok
267,2020-10-19T00:00:00,430.8299865722656,426.33800049,430.30358907059156,51.80296458137628,10.862091190759259,11.495003514876256,-0.6329123241169974,23.142489359213286,435.56666056315106,-3.866926309405716,41.55359926549925,ok
268,2020-10-20T00:00:00,421.94000244140625,426.22350006275394,429.50705701066914,49.37491523558501,8.928080704760248,10.981618952853054,-2.0535382480928064,22.396598134057427,424.2466634114583,1.6502460102506555,-11.59274527735349,ok
269,2020-10-21T00:00:00,422.6400146484375,428.3375015275977,428.8530529761709,49.57533255459379,7.366927244156557,10.258680611113755,-2.8917533669571984,21.632556282126988,425.61334228515625,-0.7141463257962277,-15.583120391008897,ok
270,2020-10-22T00:00:00,425.7900085449219,430.23750152759766,428.5613344589091,50.52451206152469,6.311129291048076,9.469170347100619,-3.158041056052543,21.700944857538676,431.8433431104167,2.85279415555737,4.649824000428679,ok
271,2020-10-23T00:00:00,420.6300048828125,430.90200195484374,427.8059697373761,48.900665243482194,5.000391237463759,8.575414525173247,-3.575023287709488,21.465877629293725,416.9666748046875,-1.0980444496108355,-103.4169109284216,ok
272,2020-10-26T00:00:00,420.2799987792969,430.85600128345703,427.0892105985114,48.786127251203524,3.888554483663256,7.638042516871249,-3.749488033207993,21.058315641487027,418.68000285976564,-1.324195734088096,-89.41748883449684,ok
273,2020-10-27T00:00:00,424.67999267578125,431.13650055103517,426.85976127253707,50.360204079714286,3.3241399647794196,6.775262006452883,-3.4511220416734636,20.297006945415408,425.0933329264323,-2.14746712539603,-48.24506504446452,ok
274,2020-10-28T00:00:00,406.0199890136719,429.98699951171875,424.875021057407,44.161180152957506,1.355505619790108,5.691310729120328,-4.33580510933022,20.181505926155825,410.2066650390625,-8.20257738652228,-135.7233181329517,ok
275,2020-10-29T00:00:00,410.8299865722656,428.12049865722656,423.5373987254888,46.00618561065676,0.1813844354294929,4.589325470382161,-4.407941034952668,19.599970398924828,411.7833251953125,-8.019703977096748,-114.32686073064801,ok
276,2020-10-30T00:00:00,388.0400085449219,426.76799926757815,420.15669489876814,39.36879626018881,-2.558582083677436,3.1597439595702417,-5.718326043247678,20.465686886194707,391.5799967447917,-15.881201211070906,-206.26667021023934,ok
277,2020-11-02T00:00:00,400.5100098,425.50950012378905,418.28558203221877,44.119406001585446,-3.681363933470891,1.791522380962015,-5.472886314432906,20.356709425852674,399.9300028597656,-10.77570721721951,-137.5593016731501,ok
278,2020-11-03T00:00:00,423.8999938964844,426.0054992692969,418.8202879240536,51.75516332844134,-2.653215780359062,0.9025747486977995,-3.5557905290568614,20.849800124982618,419.4533284505208,-3.5867853275470263,-38.129081571016854,ok
279,2020-11-04T00:00:00,420.9800109863281,425.78950042896486,419.0259758347464,50.821535152759864,-2.0503836329436353,0.3119830723695126,-2.362366705313148,20.667670672695913,424.4933369954427,-2.2862790179265513,-12.297630336848922,ok
280,2020-11-05T00:00:00,438.0899963378906,426.3979995744727,420.8415968350459,55.84760525321576,-0.18981393233173094,0.21162367142926392,-0.40143760376099485,20.549979125622766,434.0299987792969,3.8275569519453434,36.036121114556096,ok
281,2020-11-06T00:00:00,429.95001220703125,426.19550018482425,421.70906496571115,53.06884052995564,0.6207170298720257,0.29344234311781625,0.32727468675420945,20.06855187083498,430.26667277018237,1.729603753841058,17.110218021507805,ok
282,2020-11-09T00:00:00,421.2600098,425.14350128517583,421.666297807072,50.1973397074926,0.5554551469366515,0.3458449038815833,0.20961024305506826,20.885083880061053,431.5866699333333,-1.0639044256586794,28.376597176782624,ok
283,2020-11-10T00:00:00,410.3599853515625,423.3290008579297,420.58950614464254,46.778286098768994,-0.3715235509301351,0.2023712129192396,-0.5738947638493748,21.19543581867834,408.82666015625,-2.4415803466305785,-87.70851349936223,ok
284,2020-11-11T00:00:00,417.1300048828125,421.1205017124219,420.26002983399206,49.09735009374581,-0.553496487780933,0.05119767277920506,-0.604694160560138,20.277192321306227,415.4700012207031,-0.7494988830383353,-42.73150963304568,ok
285,2020-11-12T00:00:00,411.7600098,419.2645019582813,419.450504116469,47.33545876743388,-1.118135900890877,-0.18266904195481137,-0.9354668589360657,19.79167936880779,414.7599996045573,-3.042286686117779,-40.025346783482895,ok
286,2020-11-13T00:00:00,408.5,417.70600128689455,418.40759896251956,46.25036826833315,-1.807832679813032,-0.5077017695264555,-1.3001309102865766,19.15441620797777,407.56333414713544,0.6108100717781673,-81.06612240166551,ok
287,2020-11-16T00:00:00,408.0899963378906,416.5690017751758,417.4249701411263,46.10721483357469,-2.360298167059227,-0.8782210490330099,-1.482077118026217,18.383387612346546,408.2100016276042,-0.6669401757247395,-69.03442000549182,ok
288,2020-11-17T00:00:00,441.6099853515625,417.55250092068366,419.72830492307264,57.64854213555337,-0.0922842751550661,-0.7210336942574211,0.628749419102355,20.921003044472464,445.5399983838542,13.805271525355888,178.4713598900004,ok
289,2020-11-18T00:00:00,486.6400146484375,420.75250092068364,426.10084870644073,67.66617758024125,5.27784044759926,0.47874113411391517,4.799099313485345,23.311646730469967,475.3800048828125,21.50508170605965,279.3736621647189,ok
290,2020-11-19T00:00:00,499.2699890136719,424.42649994412113,433.06933825951035,69.82227452806457,10.432576114817493,2.4695081302546305,7.963067984562863,23.215812728516756,498.4833272298177,17.780135928851347,291.2308396233919,ok
291,2020-11-20T00:00:00,489.6099853515625,427.87549896755866,438.4541617920867,66.18695060944233,13.581698341275228,4.691946172458749,8.889752168816479,22.51754056515172,493.72332763671875,16.302430655659617,206.62323094205078,ok
292,2020-11-23T00:00:00,521.8499755859375,432.9539978078907,446.39662024864396,71.51706112010282,18.46603322866349,7.446763583699697,11.019269644963794,23.508431571100704,516.5466613769531,19.11935445872277,209.950538116606,ok
293,2020-11-24T00:00:00,555.3800048828125,439.4889984182422,456.77599021380286,75.7912018586132,24.75711237803563,10.908833342566883,13.848279035468746,24.553544645597974,547.1900024299479,29.173157137947392,210.803839515188,ok
294,2020-11-25T00:00:00,574.0,447.88799896755864,467.9401816220121,77.78482923918291,30.88924394454972,14.90491546296345,15.98432848158627,24.84472037682758,564.4566650390625,36.257889817862335,189.20059353124944,ok
295,2020-11-27T00:00:00,585.7600098,456.63450012894526,479.16111763896333,78.96315191519204,36.279726791880705,19.179877728746902,17.099849063133803,24.840099585625612,587.6633504356771,42.742964886834486,178.32092539910536,ok
296,2020-11-30T00:00:00,567.5999755859375,465.61249848099607,487.58386601486563,72.56255052921986,38.64093168605376,23.072088520208275,15.568843165845486,26.87223375757869,576.6366577263021,36.07267972616779,137.81109298554261,ok
297,2020-12-01T00:00:00,584.7600098,474.82499848099604,496.8387368515451,74.65330847327931,41.41941766083198,26.74155434833302,14.677863312498964,27.1135027748945,584.8866577263021,42.01476488307585,127.89956369531912,ok
298,2020-12-02T00:00:00,568.8200073242188,482.0709991523828,503.6940959441807,69.36569525175926,41.85271083205362,29.76378564507714,12.088925186976478,28.28753742149802,560.5233357747396,39.246023824778156,88.26234439084593,ok
299,2020-12-03T00:00:00,593.3800048828125,490.69099884720697,512.2356110811933,72.58739820991367,43.67443365370133,32.545915246801975,11.128518406899353,28.420567846803962,591.5933227528645,45.40420255523865,108.7155044572276,ok
300,2020-12-04T00:00:00,599.0399780273438,498.73849793167966,520.5026936474933,73.28468040557375,45.05550285422896,35.04783276828737,10.00767008594159,27.357668573985375,594.5266520182291,35.649101672928076,99.99637511265459,ok
301,2020-12-07T00:00:00,641.7600098,509.3289978113281,532.0510094715415,77.86188947644565,49.03194988660084,37.844656191950065,11.187293694650776,28.957120818700705,631.1999918734375,31.875717261685853,121.42655424530923,ok
302,2020-12-08T00:00:00,649.8800048828125,520.7599975654687,543.2728185583293,78.6119902810321,52.23638007655711,40.723000968871474,11.513379107685637,29.230185710222084,639.8866780609375,30.16604626420203,116.43051878957034,ok
303,2020-12-09T00:00:00,604.4799805,530.4659973228906,549.1020720765837,65.29148676935246,50.5300327808676,42.6844073312707,7.845625449596902,31.879458682650416,615.5999959414063,23.461530317024803,85.3057438108202,ok
304,2020-12-10T00:00:00,627.0700073242188,540.9629974449609,556.5275897192156,68.18062815464252,50.419363588958845,44.231398582808325,6.18796500615052,33.988781144213334,607.0533447265625,20.162889079402426,71.36993144760888,ok
305,2020-12-11T00:00:00,609.9899902,550.874496464961,561.6192469078617,63.852809691957674,48.39556882654051,45.06423263155476,3.3313361949857523,33.72315531471595,610.2633259976562,9.832904468483772,70.51166296448618,ok
306,2020-12-14T00:00:00,639.8300170898438,562.4409973194531,569.067891687098,67.70921150960058,48.638859191054394,45.779157943454685,2.859701247599709,33.65435920652196,630.9266764322916,11.46864409230728,90.79336013176966,ok
307,2020-12-15T00:00:00,633.25,573.6989975025587,575.1804734311839,66.03618732530985,47.75028065818117,46.17338248639998,1.5768981717811883,32.90047902184852,634.6500040690104,8.10741419787513,93.03633246862759,ok
308,2020-12-16T00:00:00,622.7700195,582.7569992099804,579.7128111520236,63.35128775007572,45.67392831295933,46.07349165171185,-0.3995633387525146,32.568301948859336,620.0900065,9.719881304982447,68.44991757371102,ok
309,2020-12-17T00:00:00,655.9000244140625,591.2199996982617,586.9687362245987,67.80732515358241,46.169505319813766,46.09269438533223,0.07681093448153575,33.05056661852787,644.7400105794271,12.165677102029226,106.589368179764,ok
310,2020-12-18T00:00:00,695.0,601.0065002475782,597.2574280127321,72.11635345656335,49.15071606628669,46.704298721523124,2.4464173447635673,35.436956286679894,672.8466593424479,22.182762745871653,148.11771893623032,ok
311,2020-12-21T00:00:00,649.8599853515625,609.0190002475781,602.267195378335,61.827360242597265,47.32538752172445,46.82851648156339,0.49687104016106076,36.40074460018713,654.8099975585938,9.518349119280533,106.98599430552053,ok
312,2020-12-22T00:00:00,640.3400268554688,614.9435028110547,605.8931793285383,59.886795053345566,44.59653926607723,46.38212103846616,-1.7855817723889302,36.34712172751752,634.8166707460938,6.894372720185937,59.11038674395961,ok
313,2020-12-23T00:00:00,645.9799805,619.4735015919141,609.7109699162966,60.67429265162595,42.400240903341,45.58574501144113,-3.185504108100126,35.817326795250644,640.0166626080729,0.6575621159871092,65.48045078583435,ok
314,2020-12-24T00:00:00,661.7700195,623.862002566914,614.668974638554,62.87193274267946,41.45590494503381,44.759776998159666,-3.3038720531258576,35.05109108526622,656.2866821184896,1.8295707711966758,99.70015758191673,ok
315,2020-12-28T00:00:00,663.6900024414062,627.7585021989844,619.3376439531114,63.141653718929234,40.39676965741205,43.88717553001014,-3.490405872598089,34.0188729092539,668.6300048828125,9.79519981661432,120.19543454246647,ok
316,2020-12-29T00:00:00,665.9899902,632.6780029296875,623.7807245480532,63.48387725691024,39.29007556771114,42.96775553755034,-3.677679969839197,32.653240873883085,663.6300048713541,6.206640793084217,100.12050382444079,ok
317,2020-12-30T00:00:00,694.7800293,638.1790039046875,630.5425630958576,67.54592214338845,40.271898695521486,42.42858416914457,-2.156685473623085,32.50729405331555,686.5799967458333,13.900234505848141,152.4319741316916,ok
318,2020-12-31T00:00:00,705.6699829101562,645.0215026839844,637.6975554591241,68.9527831521435,41.450908571447826,42.23304904960522,-0.7821404781573946,32.156771305422474,705.1699829091145,10.290227726384927,187.30485012301867,ok
319,2021-01-04T00:00:00,729.7700195,651.8410034148437,646.4663615582551,71.86002998175385,43.82476927261462,42.5513930942071,1.273376178407517,32.632716732881136,730.4833373804687,15.242008606395574,212.50680106713997,ok
320,2021-01-05T00:00:00,735.1099853515625,658.6445037810547,654.908611443332,72.47505274089013,45.611184257156424,43.16335132679696,2.4478329303594606,31.84752372684945,731.7166748046875,18.038756255761367,182.23172615544013,ok
321,2021-01-06T00:00:00,755.9799805,664.3555023160546,664.5344561153956,74.79375146345944,48.1558544790272,44.16185195724301,3.9940025217841892,32.35055879267717,759.6933186953125,15.258416276984033,197.25983800352196,ok
322,2021-01-07T00:00:00,816.0399780273438,672.6635009732812,678.963553440343,80.01209578845605,54.39186822222928,46.20785521024026,8.184013011989016,34.397662428914515,802.7433268114582,17.415824176596217,218.45309779042958,ok
323,2021-01-08T00:00:00,880.0200195,686.4405029232812,698.1117883031675,83.84819243500438,63.761604597517135,49.718605087695636,14.042999509821499,36.829973124896064,867.6333414494792,35.416865068854044,240.92682946567416,ok
324,2021-01-11T00:00:00,811.1900024414062,695.6465026791406,708.8811420306188,68.59580348820613,64.8852245609744,52.75192898235139,12.133295578623006,39.65640535760438,823.0799967447916,26.68113321369805,151.53534051604248,ok
325,2021-01-12T00:00:00,849.4400024414062,707.6190032912109,722.2677001649795,71.67893463652186,68.0774028849255,55.817023762866214,12.260379122059291,40.88166194338933,848.260009765625,31.496335503141214,150.8950555982322,ok
326,2021-01-13T00:00:00,854.4099731445312,718.3480010939453,734.8526785439844,72.06272618730348,70.19905133858458,58.69342927800989,11.505622060574694,39.99511256886152,848.9599812815104,29.10980370341956,128.81401614103314,ok
327,2021-01-14T00:00:00,845.0,728.9355010939453,745.3428996350335,70.12506283570971,70.31066920569299,61.016877263546505,9.293791942146484,38.8704616710857,848.9166666666666,27.318476531458778,112.38226817642756,ok
328,2021-01-15T00:00:00,826.1599731445312,739.1049987761719,753.0397637787952,66.28230466244017,68.0939497888238,62.432291768601964,5.661658020221843,39.008289325159936,835.0533243815104,24.049908452292424,88.49042185155129,ok
329,2021-01-19T00:00:00,844.5499877929688,748.5374969451171,761.7550232087165,68.11879944907436,67.04821409469832,63.355476233821236,3.692737860877088,37.92484200589628,842.5166625976562,21.556457033438914,84.35788536751663,ok
330,2021-01-20T00:00:00,850.4500122070312,756.3099975554687,770.2021650180798,68.70767838468916,65.93548050874517,63.871477088806024,2.064003419939148,36.80306548404654,849.0766805023437,20.516676747366745,80.8112762261544,ok
331,2021-01-21T00:00:00,844.9899902,766.0664977978906,777.3248150354055,67.46574039730702,63.87672189230932,63.87252604950668,0.004195842802637628,35.19570279160348,847.3766479367187,15.788531677273166,71.88599101110549,ok
332,2021-01-22T00:00:00,846.6400146484375,776.381497187539,783.926262617599,67.65600977751848,61.667420403611686,63.43150492032768,-1.7640845167159966,34.066010083832694,841.086669921875,15.171883326212242,60.378193062242595,ok
333,2021-01-25T00:00:00,880.7999877929688,788.1224975521875,793.1523316819199,71.3868410462203,61.95873566583555,63.13695106942926,-1.1782154035937111,36.03129629854777,873.3400065104165,16.511020200616123,83.90387231828572,ok
334,2021-01-26T00:00:00,883.0900268554688,799.1884979199609,801.7178264603532,71.62315327623332,61.663572840189545,62.84227542358131,-1.1787025833917681,35.193350050660435,883.5300089518228,8.216515199440177,89.33496772234881,ok
335,2021-01-27T00:00:00,864.1599731445312,809.2119964551172,807.664697573132,66.7179530081437,59.219511380589324,62.11772261498292,-2.8982112343935924,35.02525553671817,871.4399820963541,-1.802236995071993,73.3986557648743,ok
336,2021-01-28T00:00:00,835.4299926757812,817.6839965789062,810.3090113924319,60.001588998998045,54.33793189330322,60.56176447064698,-6.223832577343757,37.034878222990535,828.1433308919271,2.98820130443187,16.496207221994432,ok
337,2021-01-29T00:00:00,793.5300293,822.6214965789062,808.7110130979146,51.81000086701278,46.55164966795064,57.75974151010771,-11.208091842157067,38.840243889819334,805.3466593434896,-6.581980243538488,-28.199657298364453,ok
338,2021-02-01T00:00:00,839.8099975585938,829.3284973113281,811.6728211417887,58.542450015617014,43.6126322907337,54.930319666232904,-11.317687375499204,39.528081519117954,825.7899983723959,-1.7087786946358374,-5.061185752393423,ok
339,2021-02-02T00:00:00,872.7899780273438,836.4794952376953,817.4935027499369,62.556932849125396,43.443854926709264,52.633026718328175,-9.18917179161891,39.611075870709975,865.163330078125,3.2887547961353514,75.14888780316213,ok
340,2021-02-03T00:00:00,854.6900024414062,842.4584960921875,821.0360265300768,59.17049246694843,41.37266258705165,50.38095389207287,-9.008291305021217,38.56885756074855,861.9433390299479,3.4533298906123333,64.82710982765295,ok
341,2021-02-04T00:00:00,849.9899902,847.1589965771875,823.7935468795934,58.28811645684392,38.9035204602327,48.08546720570483,-9.181946745472132,37.462511812826776,846.6366577033854,0.6441303043822622,3.421672854610669,ok
342,2021-02-05T00:00:00,852.2299805,848.9684967008203,826.5017786529654,58.60494826067158,36.70435112030066,45.809243988624,-9.10489286832334,36.62947874048201,851.9899902333333,0.20929722704683407,17.82457108120827,ok
343,2021-02-08T00:00:00,863.4199829101562,848.1384948713281,830.0177981060313,60.230093803295915,35.45572175996415,43.73853954289203,-8.282817782927879,35.83737590187615,865.3133341367187,2.1810900630661934,82.74154040651901,ok
344,2021-02-09T00:00:00,849.4600219726562,850.0519958478906,831.8694384742812,57.21241628362565,32.95978196685189,41.582788027684,-8.623006060832111,34.82541925961044,850.336669921875,0.33308221622263545,4.335307470043563,ok
345,2021-02-10T00:00:00,804.8200073242188,847.8209960920312,829.2933021742753,48.7936673531515,27.067636721468716,38.67975776644094,-11.612121044972227,35.869318060542284,816.5533447161457,-8.626246766775502,-146.43435593910274,ok
346,2021-02-11T00:00:00,811.6599731445312,845.6834960920312,827.6139375047758,50.007548014373164,22.688458811504233,35.4814979754536,-12.793039163949366,35.31793994070444,814.4233195091147,-8.088649122817927,-131.83983807509986,ok
347,2021-02-12T00:00:00,816.1199951171875,844.2394958478906,826.5192763250054,50.826115678658034,19.354706260929106,32.2561396325487,-12.901433371619596,35.080944230654126,806.260009765625,-5.559153342006162,-138.92569686532667,ok
348,2021-02-16T00:00:00,796.2199707,842.7424957256641,823.633628170243,47.11891004218434,14.93475908106268,28.791863522251496,-13.857104441188817,34.61516232550696,803.2199910471354,-4.6933940987917255,-131.5242776189764,ok
349,2021-02-17T00:00:00,798.1500244140625,840.4224975567188,821.206618288702,47.518730085009494,11.455605215553305,25.32461186091186,-13.869006645358553,34.84479480621851,786.6666870231771,0.5822079749316922,-152.96787833096786,ok
350,2021-02-18T00:00:00,787.3800048828125,837.2689971905078,817.9850360595697,45.453523520411984,7.74007735016221,21.807704958761928,-14.067627608599718,33.918738385350224,786.1133422747395,-6.243077937652586,-131.15624094552655,ok
351,2021-02-19T00:00:00,781.2999877929688,834.0844970701562,814.491221938941,44.28345010329161,4.255829626803688,18.29732989237028,-14.04150026556659,32.88311299426494,785.1533203125,-10.482474883723825,-116.35824232659182,ok
352,2021-02-22T00:00:00,714.5,827.4774963377344,804.9682484209466,33.94459487687015,-3.8512675259994467,13.867610408696333,-17.71887793469578,35.612888893670124,731.0666707356771,-16.402438549761445,-202.65379103206317,ok
353,2021-02-23T00:00:00,698.8400268554688,818.3794982908594,794.8607987480439,32.055175039758446,-11.408321357804994,8.812424055396068,-20.220745413201062,39.8905396869794,677.1500040690104,-17.78255804035599,-254.55892228390158,ok
354,2021-02-24T00:00:00,742.0200195,811.3259979230859,789.8283435815634,41.69253795581369,-13.754522851447291,4.299034674027396,-18.053557525474687,40.67193093004114,727.0633341367187,-12.931950708345209,-144.2787779366895,ok
355,2021-02-25T00:00:00,682.2199707,802.2289978008594,779.5799271166526,34.41266508822138,-20.206342468956905,-0.6020407545694644,-19.60430171438744,42.869650321477934,696.6700032541667,-20.98631208411714,-166.09372036160008,ok
356,2021-02-26T00:00:00,675.5,794.2324981670703,769.6675531055428,33.70054552347716,-25.566981228328018,-5.595028849321175,-19.971952379006844,43.17824689901745,680.5700073356771,-20.478894529807068,-156.82627097268966,ok
357,2021-03-01T00:00:00,718.4299926757812,790.4774963358593,764.7877854455655,41.963143286419275,-26.050935470470108,-9.686210173550961,-16.364725296919147,43.20122926337335,707.4933268229166,-10.734078907364387,-103.74339737114889,ok
358,2021-03-02T00:00:00,686.4400024414062,782.80899658,757.3260918261218,38.14795565294098,-28.685133194885225,-13.485994777817814,-15.199138417067411,42.694711841101146,697.5166625976562,-15.427639017111815,-101.14907886291311,ok
359,2021-03-03T00:00:00,653.2000122070312,771.8294982889844,747.4093223385894,34.62528007789889,-33.073690368666234,-17.403533895987497,-15.670156472678737,43.14437458347785,668.5366821289062,-19.962748601296354,-116.4565431092973,ok
360,2021-03-04T00:00:00,621.4400024414062,760.1669982889844,735.4122442531434,31.620741074351493,-38.6686725189586,-21.65656162058172,-17.012110898376882,44.95192012801738,629.9633382161459,-21.95121633346313,-137.61962212269566,ok
361,2021-03-05T00:00:00,597.9500122070312,747.564999389336,722.3206031058946,29.576561140808664,-44.48538228481914,-26.222325753429203,-18.263056531389935,48.051785594263904,588.4266764208334,-25.083005209954358,-156.77712337939374,ok
362,2021-03-08T00:00:00,563.0,733.1035003643359,707.1472123339047,26.800441352528196,-51.32371276421861,-31.242603155587084,-20.08110960863153,49.000945684349965,580.6399943033854,-28.497041262332722,-147.088508855964,ok
363,2021-03-09T00:00:00,673.5800170898438,723.6115020733203,703.9503365963751,44.538192199981594,-47.27529553419697,-34.44914163130906,-12.82615390288791,53.72159433942988,648.9600219726562,-13.787274079885048,-75.31490503533402,ok
364,2021-03-10T00:00:00,668.0599975585938,714.5415008526172,700.5322090689674,43.96546162246458,-44.005052304801666,-36.36032376600758,-7.644728538794084,54.36933603142373,680.3233235677084,-6.499650446662875,-38.2339500667486,ok
365,2021-03-11T00:00:00,699.5999755859375,709.2804992657032,700.4434249277265,48.07418201263917,-38.42540420774026,-36.77333985435412,-1.6520643533861374,52.94581220356534,693.0933227539062,0.10874430502905152,-19.344134871358904,ok
366,2021-03-12T00:00:00,693.7299805,703.3839996334766,699.804049267943,47.37789612198436,-34.08425041538533,-36.23552196656036,2.1512715511750358,51.55396568456067,684.9166666770834,-6.507915922880292,-23.666546787336635,ok
367,2021-03-15T00:00:00,707.9400024414062,697.9749999996875,700.57890195113,49.29254524628853,-29.161074036700143,-34.82063238058832,5.659558343888179,49.95296918198045,701.7199910481771,3.7700496681467577,5.909348390147238,ok
368,2021-03-16T00:00:00,676.8800048828125,692.0080017088281,698.3218641350998,45.40384082011134,-27.449285237142817,-33.34636295189922,5.897077714756406,49.02347155765372,685.2666625976562,0.20429383905440357,-11.168336819707871,ok
369,2021-03-17T00:00:00,701.8099975585938,687.1910003660547,698.6540673182897,48.889156769693415,-23.806610434439904,-31.43841244840736,7.631802013967455,49.287507210678456,685.5166626195313,-2.3133771260421043,-2.4981055230841056,ok
370,2021-03-18T00:00:00,653.1599731445312,680.4799987791406,694.3212964445984,43.106018589741524,-24.562276164105697,-30.063185191547028,5.500909027441331,49.324827949815266,664.7966512148438,-4.848206569912971,-34.591281002523566,ok
371,2021-03-19T00:00:00,654.8699951171875,674.1584991453516,690.5640296515116,43.359636759481255,-24.737997975408575,-28.998147748319337,4.260149772910761,48.13091062360078,645.573323578125,0.25566180020630824,-64.92838901574636,ok
372,2021-03-22T00:00:00,670.0,671.9334991453516,688.6055506370819,45.667427194004375,-23.386805295886916,-27.875879257832853,4.489073961945937,47.8894170076293,679.4566650390625,7.814108742246972,20.325592228517223,ok
373,2021-03-23T00:00:00,662.1599731445312,670.0994964598046,686.08692420922,44.652170003271145,-22.68707750073338,-26.83811890641296,4.151041405679578,45.91802850658211,665.8233235791666,10.738349297878802,-11.73847903044785,ok
374,2021-03-24T00:00:00,630.2700195,664.5119964598047,680.7710285226276,40.689624752064574,-24.424243450524614,-26.35534381523529,1.9311003647106766,45.34602890957178,642.8000081171875,11.948493694493777,-59.549349043251716,ok
375,2021-03-25T00:00:00,640.3900146484375,662.4204986572265,676.9252176774667,42.435438720658055,-24.69963888708935,-26.024202829606104,1.324563942516754,44.678455416030936,631.7966715494791,-4.927403070061576,-76.32071072978336,ok
376,2021-03-26T00:00:00,618.7100219726562,659.5809997558594,671.3809133246276,39.73692250639807,-26.363385281473484,-26.09203931997958,-0.27134596149390333,44.624993791727384,620.8066813151041,-7.3870574149455965,-89.74947590624711,ok
377,2021-03-29T00:00:00,611.2899780273438,654.2239990234375,665.6579671058387,38.826881677662904,-27.958365189731353,-26.465304493929935,-1.493060695801418,43.05820869750802,607.9299926757812,-12.62292747861109,-105.08469357985808,ok
378,2021-03-30T00:00:00,635.6199951171875,651.6829986572266,662.7972078688243,43.403813437600334,-26.94852341051876,-26.5619482772477,-0.38657513327105875,43.31476260086682,621.4299926872396,-8.376455828091823,-67.57494289296048,ok
379,2021-03-31T00:00:00,667.9299926757812,652.4194976806641,663.2860445171059,48.87437196248902,-23.272795448791726,-25.904117711556506,2.6313222627647797,42.81942276386294,660.3466593424479,-5.651610253361339,21.425730964486785,ok
380,2021-04-01T00:00:00,661.75,654.4349975585938,663.1397545630958,47.920259908833835,-20.620725430705647,-24.847439255386334,4.226713824680687,42.11803542358702,671.1966552734375,-2.2352565851656347,41.88075046683063,ok
381,2021-04-05T00:00:00,691.0499877929688,659.0899963378906,665.7978720135599,52.64075079986309,-15.970577809908946,-23.072066966290855,7.101489156381909,42.42460240365446,694.6366577148438,-1.5331798924290263,90.64199245390668,ok
382,2021-04-06T00:00:00,691.6199951171875,665.52099609375,668.257121832953,52.730513708820034,-12.099828202966364,-20.877619213625955,8.777791010659591,40.478558851663514,689.8466593424479,5.888300501253441,75.18499659708397,ok
383,2021-04-07T00:00:00,670.9699707,665.3904937742578,668.5154883917194,49.099763845484674,-10.57659523704092,-18.81741441830895,8.24081918126803,39.28580238095317,676.7300008127604,2.4584995041544655,33.99238520395274,ok
384,2021-04-08T00:00:00,683.7999877929688,666.1774932859765,669.9711550013621,51.34149949089305,-8.239170948776518,-16.701765724402463,8.462594775625945,37.80681771752572,681.6666666666666,2.059699670592341,48.23427746556045,ok
385,2021-04-09T00:00:00,677.0200195,665.0484954816797,670.6424754298039,50.08614235664888,-6.85481410870625,-14.732375401263221,7.877561292556971,36.1327589603587,675.8066609585937,2.2441776848727057,34.53426608002536,ok
386,2021-04-12T00:00:00,701.9799805,665.4609954816797,673.6269997222035,54.497154239728296,-3.7009785091217964,-12.526096022834937,8.82511751371314,35.536131055545134,696.2899983828125,11.377657001183138,93.08638939194499,ok
387,2021-04-13T00:00:00,762.3200073242188,668.1799957258203,682.0739528271574,63.00797552863679,3.625601134753879,-9.295756591317174,12.921357726071053,37.35640880157762,745.32666015625,19.03995844512325,214.4121239862924,ok
388,2021-04-14T00:00:00,732.2299805,670.9474945066797,686.8507173674282,57.256738364698336,6.924137449422346,-6.051777783169269,12.975915232591616,38.45666165341806,747.0166626091146,18.347845435799435,188.975355192994,ok
389,2021-04-15T00:00:00,738.8499755859375,672.7994934080468,691.8030276739529,58.16155598896761,9.957643999685615,-2.849893426598292,12.807537426283908,37.30832902694623,734.6166585286459,20.867346454825707,140.19968825046408,ok
390,2021-04-16T00:00:00,739.7800293,677.1304962158204,696.3722659240526,58.29512792883868,12.295037815404726,0.17909282180231179,12.115944993602414,36.41559106492105,737.929992676823,16.387155058520285,128.28754795393286,ok
391,2021-04-19T00:00:00,714.6300048828125,680.1184967041015,698.1110982058393,53.3363144367319,11.979945121330275,2.539263281707904,9.440681839622371,37.241623239357494,710.6100056966146,6.991752536811124,64.29390159491575,ok
392,2021-04-20T00:00:00,718.9899902,682.5679962141015,700.0995641100451,54.06579383111932,11.944359131374313,4.420282451641186,7.524076679733127,36.4786499764458,722.3099975471354,8.649790736683038,78.87162333481014,ok
393,2021-04-21T00:00:00,744.1199951171875,686.6659973127344,704.2919861107254,58.12875009524213,13.78503307416031,6.293232576145011,7.491800498015299,37.21874832494744,728.9866739908854,7.679619168174834,81.96929608394471,ok
394,2021-04-22T00:00:00,719.6900024414062,691.1369964598047,705.7584638565045,53.2021162463402,13.12123081503671,7.658832223923351,5.4623985911133595,37.11241212121236,730.4999999895832,4.058588173041855,77.19779958881736,ok
395,2021-04-23T00:00:00,729.4000244140625,695.5874969480859,708.0100410524624,54.84040663597015,13.226216771490385,8.772309133436758,4.453907638053627,36.025808639619065,727.4066772460938,8.708296386663106,65.20104182319714,ok
396,2021-04-26T00:00:00,738.2000122070312,701.5619964598047,710.8852764005165,56.332412097619766,13.859737937136856,9.789794894176778,4.0699430429600785,34.87396254956815,740.0366617838541,7.955546268674829,82.20707542648393,ok
397,2021-04-27T00:00:00,704.7399902,706.2344970684375,710.3000110480864,49.61962730670994,11.528965152542469,10.137628945849915,1.3913362066925536,34.87225355467712,710.6966552619791,4.094409308674796,13.227664426505006,ok
398,2021-04-28T00:00:00,694.4000244140625,709.1734985332812,708.7857266067508,47.72691208097522,8.74663632524937,9.859430421729806,-1.112794096480437,33.445665758918935,698.8333333333334,-1.0797966176383733,-28.830704117324274,ok
399,2021-04-29T00:00:00,677.0,709.6269988994922,705.758514548965,44.641016063079874,5.079036164564627,8.90335157029677,-3.8243154057321433,33.467403918996155,682.5833333333334,-11.192151131346561,-82.13120524462916,ok
400,2021-04-30T00:00:00,709.4400024414062,712.0114990215625,706.1091324434832,51.00184067643987,4.735485963746328,8.069778448986682,-3.334292485240354,34.6004433570366,697.0166625966145,-3.112407121466365,-45.54656637394279,ok
401,2021-05-03T00:00:00,684.9000244140625,711.7040008526171,704.0892173930622,46.63639804248442,2.45475196418613,6.946773152026571,-4.492021187840441,34.196126148777296,690.4666748046875,-7.301881701909851,-64.9911462299839,ok
402,2021-05-04T00:00:00,673.5999755859375,710.8029998760546,701.185480078098,44.73748601661084,-0.2615506709229294,5.505108387436671,-5.7666590583596005,33.69640372436687,671.5833333333334,-8.945909742478975,-116.37585795149258,ok
403,2021-05-05T00:00:00,670.9400024414062,710.801501463125,698.3049583984131,44.28042598015086,-2.598918961572963,3.884302917634744,-6.483221879207707,32.57237209673352,674.5266723632812,-6.113653519008155,-106.620180032345,ok
404,2021-05-06T00:00:00,663.5399780273438,709.7885009748437,694.9940078868826,42.96532130357426,-4.990888442132018,2.1092646456813915,-7.10015308781341,32.46148976839541,664.8533325091145,-7.712209200190923,-127.71811968794998,ok
405,2021-05-07T00:00:00,672.3699951171875,709.5559997557032,692.8393400040545,45.062011948678375,-6.1036735557205475,0.46667700540100343,-6.5703505611215505,32.26995687779574,674.1966552723958,-9.642262064023754,-100.29889561145453,ok
406,2021-05-10T00:00:00,629.0399780273438,705.9089996320703,686.7632102919869,37.73182332851773,-10.362481790847596,-1.6991547538487164,-8.66332703699888,33.16210351264069,640.566650390625,-12.595704276362074,-166.56828603065316,ok
407,2021-05-11T00:00:00,617.2000122070312,698.652999876211,680.1381438077054,36.008162533599275,-14.525562646874164,-4.264436332453807,-10.261126314420357,33.18195343612395,613.2999877929688,-15.382507328151396,-198.33807412366698,ok
408,2021-05-12T00:00:00,589.8900146484375,691.5360015836328,671.5430838877752,32.33854817918991,-19.800277508584713,-7.371604567679988,-12.428672940904725,33.21466773672447,599.023335764323,-20.09076064834846,-193.88748340661277,ok
409,2021-05-13T00:00:00,571.6900024414062,683.1780029264062,662.0332666071687,30.1345138408817,-25.159097504974852,-10.92910315513896,-14.229994349835891,34.18576272400085,579.2666829427084,-18.879301530885893,-193.85073221305504,ok
410,2021-05-14T00:00:00,589.7399902,675.6760009714062,655.1481926636288,34.875128275094355,-27.63100477490866,-14.269483479092901,-13.36152129581576,33.34463489689588,584.3566690966146,-15.072009005526043,-157.72004897015367,ok
411,2021-05-17T00:00:00,576.8300170898438,668.7860015817578,647.6893187994589,33.142936230658265,-30.28265641940027,-17.472118067154376,-12.810538352245892,33.00144511804394,575.920003265625,-14.796157002977296,-144.6886516795176,ok
412,2021-05-18T00:00:00,577.8699951171875,661.7300018276171,641.0398594011473,33.42977888638366,-31.932098561257703,-20.364114165975042,-11.56798439528266,32.99205583226848,579.1666666666666,-18.545614410160827,-119.00627846367935,ok
413,2021-05-19T00:00:00,563.4600219726562,652.6970031703906,633.6513034555767,31.418355148295202,-34.01001150374384,-23.093293633528802,-10.916717870215038,32.84191003119126,558.8833414817708,-17.731055352976387,-125.99015510531127,ok
414,2021-05-20T00:00:00,586.7800293,646.0515045133203,629.187372583617,37.92743980453742,-33.39014201087514,-25.15266330899807,-8.23747870187707,32.30962742991198,582.2333374033855,-12.88894736232974,-84.56978929905266,ok
415,2021-05-21T00:00:00,580.8800048828125,638.6255035367578,624.5866708978261,36.97137477552014,-32.99463205389179,-26.721057057976815,-6.273574995914977,31.193224947474068,585.8533325195312,-13.42295842115313,-71.91491555623894,ok
416,2021-05-24T00:00:00,606.4400024414062,632.0375030484765,622.8584167591195,43.603841912231076,-30.269778213360155,-27.430801289053484,-2.838976924306671,31.881562885935743,598.1900024518229,-8.605355739934705,-49.00745277964552,ok
417,2021-05-25T00:00:00,604.6900024414062,627.0350036605469,621.128091586004,43.268129562418935,-27.929567617919588,-27.530554554826704,-0.39901306309288387,30.910020410322026,604.7966715380209,-10.065885326126923,-34.464247619175936,ok
418,2021-05-26T00:00:00,619.1300048828125,623.2715026839844,620.9377976142714,46.90094437703148,-24.625874590634112,-26.949618561988185,2.323743971354073,30.46430344602447,615.5999959309896,-1.5754122934457548,-13.140582006261006,ok
419,2021-05-27T00:00:00,630.8499755859375,620.9640014632812,621.8818145639539,49.71540426409299,-20.82194792239045,-25.724084434068637,4.9021365116781865,29.353994836319597,626.0633341471354,2.2115948005405395,9.421241879163503,ok
420,2021-05-28T00:00:00,625.2199707,616.7529998762109,622.1997341959583,48.38856611986449,-18.05349353877125,-24.18996625500916,6.136472716237911,28.2008539174865,627.7300008127604,5.989244634462643,20.926470565436016,ok
421,2021-06-01T00:00:00,623.9000244140625,613.7029998762109,622.3616665976825,48.0646852880818,-15.784033613859265,-22.50877972677918,6.724746112919917,27.13293578052318,626.0833333333334,9.132575652835095,27.131209606067088,ok
422,2021-06-02T00:00:00,605.1199951171875,610.2790008527734,620.7196026471591,43.59381509111693,-15.324213689375597,-21.071866519298464,5.747652829922867,26.96344106517331,609.2066650390625,2.6079297949545,-4.505434007765681,ok
423,2021-06-03T00:00:00,572.8400268554688,605.3740020734765,616.1596430479506,37.19031610835998,-17.36436120315807,-20.330365456070385,2.9660042529123167,27.458911304602896,582.8699951161458,-0.6917098826626278,-65.40297828748716,ok
424,2021-06-04T00:00:00,599.0499877929688,602.1495025617578,614.5301520712857,44.33951546728911,-16.674059822039908,-19.59910432926429,2.9250445072243814,27.48112896113796,592.2866617838541,3.6651829745003583,-32.91515576196961,ok
425,2021-06-07T00:00:00,605.1300048828125,598.787503050039,613.6348999580978,45.878463750073195,-15.458192022577578,-18.770921867926948,3.31272984534937,27.455333686570068,599.336669921875,7.3953752325268685,1.1671909811424233,ok
426,2021-06-08T00:00:00,603.5900268554688,597.5150054914453,612.678245376895,45.53505032321813,-14.452274563384435,-17.907192407018446,3.4549178436340107,27.46495462720569,607.3933512369791,2.8647869245860713,42.92022959990474,ok
427,2021-06-09T00:00:00,598.7800293,596.5940063460937,611.354605750524,44.416720495767514,-13.883167817006779,-17.102387489016113,3.2192196720093342,26.514598807014657,602.7333374033855,3.081535647073741,26.00912835095957,ok
428,2021-06-10T00:00:00,610.1199951171875,597.6055053695312,611.2370237854443,47.6792158709045,-12.374461066570575,-16.156802204527004,3.782341137956429,25.892841574761377,609.0700073242188,0.6068189204152752,50.2925107082441,ok
429,2021-06-11T00:00:00,609.8900146484375,599.5155059798828,611.1087372009674,47.618171960086315,-11.069752384202388,-15.139392240462081,4.069639856259693,24.831922752177977,607.9900105690105,0.8599467803397598,41.0795984852443,ok
430,2021-06-14T00:00:00,617.6900024414062,600.9130065919531,611.7355243667236,49.958265670133066,-9.299172454312838,-13.971348283232233,4.672175828919395,24.223213807323745,617.4533284390625,-0.232584825488924,75.9828782719457,ok
431,2021-06-15T00:00:00,599.3599853515625,602.039505005039,610.5569016033749,44.88374196161711,-9.268216066788,-13.030721839943386,3.762505773155386,23.882985816901066,604.793314626302,-4.991676540072287,14.219689288315214,ok
432,2021-06-16T00:00:00,604.8699951171875,603.389505005039,610.0152914618332,46.63839400550587,-8.69879685233218,-12.164336842421145,3.465539990088965,23.248486829979562,602.2899983723959,-3.254850538447851,-4.090094558802862,ok
433,2021-06-17T00:00:00,616.5999755859375,606.0465026857031,610.6424042355574,50.26813496360792,-7.2178141614214155,-11.1750323062212,3.957218144799784,23.025733759590395,613.136657713802,-1.170067084863613,48.161795300405345,ok
434,2021-06-18T00:00:00,623.3099975585938,607.8730010986328,611.8488416948942,52.26829623354536,-5.439973386833117,-10.028020522343583,4.588047135510466,22.56318047626028,621.1533203125,3.0060157635154017,92.9587057097208,ok
435,2021-06-21T00:00:00,620.8300170898438,609.8705017089844,612.7041917325084,51.44476428806727,-4.18291739414326,-8.85899989670352,4.676082502560259,22.55938256835776,620.3666788736979,8.377555335616105,79.12620418178422,ok
436,2021-06-22T00:00:00,623.7100219726562,610.7340026855469,613.752366041094,52.3830462386812,-2.920631911849682,-7.671326299732752,4.75069438788307,21.881570050919258,622.5933430989584,4.1165236094137025,84.4056126000741,ok
437,2021-06-23T00:00:00,656.5700073242188,613.3280029296875,617.8302366394868,61.519825842333425,0.7229311226855089,-5.9924748152491,6.715405937934609,22.710742921166098,647.9366658528646,8.500653087160659,212.7813910515656,ok
438,2021-06-24T00:00:00,679.8200073242188,616.3625030517578,623.734024323747,66.42828659342513,5.424036849199524,-3.709172482359375,9.133209331558898,24.020688983437715,681.6833292643229,12.629430089474214,299.2504658638041,ok
439,2021-06-25T00:00:00,671.8699951171875,618.4135040283203,628.3184024945508,63.44801492413268,8.41123794776854,-1.2850903963337914,9.696328344102332,24.0984958668752,678.1266682942709,12.206480216555127,225.08239487366396,ok
440,2021-06-28T00:00:00,688.7199707,621.5885040283204,634.0709327998317,66.84339944696433,11.999940701711921,1.371915823275351,10.62802487843657,24.118603653727867,684.57999674375,12.88270769878892,198.4956076677481,ok
441,2021-06-29T00:00:00,680.7600098,624.4315032976172,638.5175115617525,63.82706686012043,14.03986830663382,3.9055063199470452,10.134361986686775,23.312271682144626,681.3866780828125,11.620127145779646,150.90194675589828,ok
442,2021-06-30T00:00:00,679.7000122070312,628.1605041521094,642.4396544803504,63.41667119285728,15.393545473368476,6.203114150631332,9.190431322737144,22.694965341288313,683.5500081380209,10.039017876367073,128.03919535828067,ok
443,2021-07-01T00:00:00,677.9199829101562,633.4145019548438,645.8187333784272,62.68773848623019,16.13669709344265,8.189830739193596,7.946866354249053,22.158896560269948,679.5699869677084,13.107314381775637,101.49655103524184,ok
444,2021-07-02T00:00:00,678.9000244140625,637.4070037858985,648.9693325246782,62.94031197064463,16.613224356280284,9.874509462610934,6.73871489366935,22.486117534536376,684.0533447380209,12.238998445034866,96.7047520277066,ok
445,2021-07-06T00:00:00,659.5800170898438,640.12950439625,649.9798739118368,55.031758175960555,15.256050267326259,10.950817623553998,4.305232643772261,23.208535966779312,664.9933471679688,6.970490302576415,50.64950260926332,ok
446,2021-07-07T00:00:00,644.6500244140625,642.1825042741797,649.472269197763,49.821904801377414,12.82788254523632,11.326230607890462,1.5016519373458586,23.506498032210253,649.5566813151041,3.42366189200467,14.565497219562026,ok
447,2021-07-08T00:00:00,652.8099975585938,644.8840026871094,649.7901480892707,52.47034743583914,11.430223269712656,11.3470291402549,0.0831941294577554,24.25388893727559,642.5666707356771,5.151165309090078,-5.286268095272573,ok
448,2021-07-09T00:00:00,656.9500122070312,647.2255035416016,650.4720399100098,53.80261550566778,10.535189697941632,11.184661251792246,-0.6494715538506135,23.537180491979118,653.5166625976562,5.329398127874274,15.857600933934256,ok
449,2021-07-12T00:00:00,685.7000122070312,651.0160034195312,653.8270848906785,61.808576660219494,12.007340720651655,11.349197145564128,0.6581435750875269,24.019523170621234,678.3666585171874,4.436694420680087,70.16172433430395,ok
450,2021-07-13T00:00:00,668.5399780273438,653.5585021988281,655.2283128084562,55.61356909951146,11.655007989402066,11.410359314331716,0.2446486750703496,24.230988766079093,676.0399983734375,-1.6592670376491814,58.38497827556178,ok
451,2021-07-14T00:00:00,653.3800048828125,656.2595031753906,655.0522834822044,50.77203865770888,10.036800635846248,11.135647578634622,-1.0988469427883736,24.340915175365854,661.6100056966146,-2.752019046653509,14.970505223561782,ok
452,2021-07-15T00:00:00,650.5999755859375,658.5460021988281,654.6282541587505,49.913896967036884,8.432826148428262,10.59508329259335,-2.1622571441650873,24.620850503241506,651.5399983723959,-5.534904857676503,-23.43648288216179,ok
453,2021-07-16T00:00:00,644.2199707,659.9270019545313,653.6369890674409,47.91247205810338,6.571104138627788,9.790287461800236,-3.219183323172448,23.89793261015283,647.7066650380208,-5.367536073503365,-45.53345999515648,ok
454,2021-07-19T00:00:00,646.2199707,661.0725006116015,652.9306063657799,48.608146062243634,5.197149810281303,8.871659931496449,-3.674510121215146,24.041654150833878,638.2366536447917,-4.925708534022144,-86.47297542113279,ok
455,2021-07-20T00:00:00,660.5,663.0559997571094,653.6515009976104,53.394381826181416,5.200610724422631,8.137450090081686,-2.936839365659054,23.887965614948424,654.4633382161459,-2.5696222783367806,-35.70932819435805,ok
456,2021-07-21T00:00:00,655.2899780273438,664.6349975598438,653.8075464290135,51.50950774750517,4.728441759342331,7.455648423933814,-2.727206664591483,23.22239716561059,656.8133138020834,-3.477691197182653,-36.99226318614834,ok
457,2021-07-22T00:00:00,649.2600098,664.2694976836328,653.3744477024409,49.33863646097742,3.8236003268633567,6.7292388045197224,-2.9056384776563657,22.818655034082603,652.0099894320313,-1.564633103255153,-60.9911369881527,ok
458,2021-07-23T00:00:00,643.3800048828125,662.4474975615625,652.4225960053334,47.24754388217355,2.6020449624177218,5.903800036099322,-3.3017550736816004,22.043038389293223,643.1599934895834,-0.19700914963965976,-93.03155458024459,ok
459,2021-07-26T00:00:00,657.6199951171875,661.7349975615625,652.9175863969385,52.498192316159745,2.751286619085249,5.273297352696508,-2.5220107336112587,22.241393313216474,657.6433308919271,0.73681432217374,-21.691215580670146,ok
460,2021-07-27T00:00:00,644.7800293,659.5380004915626,652.1425809591349,47.87134911578507,1.8125893718657835,4.581155756530363,-2.768566384664579,23.457008776558155,646.1733398333333,-1.8524975539837563,-72.56422147443837,ok
461,2021-07-28T00:00:00,646.9799805,657.8489990265625,651.6509047249316,48.705500910661094,1.2319812041370142,3.911320846051693,-2.679339641914679,22.89364717008525,647.1166585380208,-5.646788831519023,-63.328221764946825,ok
462,2021-07-29T00:00:00,677.3499755859375,657.7314971955078,654.0984352831226,58.56311956448913,3.185726763864295,3.7662020296142136,-0.5804752657499184,23.880531082322463,669.9466552734375,1.3177966685835818,73.69233794267966,ok
463,2021-07-30T00:00:00,687.2000122070312,658.1954986603516,657.250966418733,61.169579876604296,5.465892425574225,4.1061401088062155,1.3597523167680095,24.21263809787086,684.5766805023437,5.17616196875883,156.0015589388198,ok
464,2021-08-02T00:00:00,709.6699829101562,659.7339965851563,662.2432537036304,66.36690870298379,8.98253392687161,5.081418872419294,3.9011150544523163,25.32173467904973,711.6700032552084,9.07931287132615,265.05590020741744,ok
465,2021-08-03T00:00:00,709.7399902,662.2419952406641,666.7667524175704,66.3820062134908,11.640956950418513,6.393326488019138,5.247630462399375,25.058754674407783,711.1333414713541,10.170442159501336,203.99063304022815,ok
466,2021-08-04T00:00:00,710.9199829101562,665.5554931654688,670.9718219882928,66.65371690606666,13.685237006139573,7.851708591643225,5.833528414496348,24.409560178970175,714.9166666666666,10.012072536240524,173.5248541111427,ok
467,2021-08-05T00:00:00,714.6300048828125,668.6464935316797,675.1297441687233,67.5419743919586,15.426879976319356,9.366742868578452,6.060137107740903,23.38245083024909,715.663330078125,8.19530732517979,146.98508328391912,ok
468,2021-08-06T00:00:00,699.0999755859375,670.753991700625,677.4126233513151,60.301008591675235,15.376747430967953,10.568743781056352,4.808003649911601,23.047990928590675,704.3533325195312,6.68558943789701,97.29402006353197,ok
469,2021-08-09T00:00:00,713.7600098,672.1569915802735,680.8742792035708,64.20243665006493,16.33169762554985,11.721334549955051,4.610363075594799,22.825281127552948,712.6400146609376,9.934386690452213,106.89476504851223,ok
470,2021-08-10T00:00:00,709.9899902,674.2294921889063,683.6472040603736,62.50134847833918,16.593019460899768,12.695671532143994,3.8973479287557744,22.24561975934604,709.486673979427,10.353132645040786,86.89342207299119,ok
471,2021-08-11T00:00:00,707.8200073242188,676.9514923109766,685.9493757997874,61.49142778064626,16.43556050464838,13.44364932664487,2.991911178003509,21.440216255330252,709.0700073242188,7.633589699182686,76.2125568848472,ok
472,2021-08-12T00:00:00,722.25,680.5339935316797,689.4065781045696,65.4853190387081,17.27600591756618,14.210120644829132,3.0658852727370487,21.58019819272854,714.8166707356771,12.014945745776995,80.54123533043207,ok
473,2021-08-13T00:00:00,717.1699829101562,684.1814941421875,692.0507118955778,63.0078006535884,17.332353457071804,14.834567207277667,2.497786249794137,21.15018386171891,720.4700113932291,10.84886774331284,85.10402524383893,ok
474,2021-08-16T00:00:00,686.1699829101562,686.1789947526953,691.4906424683949,50.46153221362712,14.70604621928203,14.80886300967854,-0.10281679039650982,22.551596335602827,690.6900024414062,1.3021344418871594,10.935008479843518,ok
475,2021-08-17T00:00:00,665.7100219726562,686.4394958513282,689.0353452783245,44.20517977390783,10.848674192161411,14.016825246175113,-3.168151054013702,23.60719345839459,663.0433553059896,-3.1271812940394383,-60.733057368847554,ok
476,2021-08-18T00:00:00,688.9899902,688.1244964599609,689.0310257470555,51.563751650568506,9.55997648885318,13.125455494710726,-3.5654790058575454,24.0681080347481,684.7033284286458,-2.914029507821858,-9.413250891925138,ok
477,2021-08-19T00:00:00,673.4699707,689.334994504961,687.5490205044788,47.10361227798449,7.20330321145957,11.941025038060495,-4.737721826600925,23.87752627116118,675.8699951161458,-5.110324907827069,-38.75939119183936,ok
478,2021-08-20T00:00:00,680.2600098,691.1789947508203,686.8548290088141,49.17492946086009,5.816473384311166,10.716114707310629,-4.899641322999463,23.504848264850562,682.0300089632813,-4.312717865187777,-29.261601996637797,ok
479,2021-08-23T00:00:00,706.2999877929688,693.6129943846094,688.7067488930194,56.25029304743747,6.740904403684567,9.921072646585417,-3.1801682429008498,24.10235875184784,699.7266642252604,-1.1656405458667751,21.448807560999185,ok
480,2021-08-24T00:00:00,708.4899902,696.7984924296094,690.5908671127319,56.79503781094785,7.563055344168447,9.449469186102023,-1.8864138419335763,23.279329987541743,708.7833251828124,1.3431576229411935,46.844776688822826,ok
481,2021-08-25T00:00:00,711.2000122070312,700.0094940149609,692.5536428359985,57.50024583085993,8.337186123237643,9.227012573529148,-0.8898264502915048,22.54294718128876,710.7233276356772,-0.3586636345297767,49.87057715054652,ok
482,2021-08-26T00:00:00,701.1599731445312,701.1999938928906,693.3732933415731,53.984633046106794,8.047773376801842,8.991164734183688,-0.9433913573818451,22.202738760973492,704.7266642252603,-1.2436819078225803,16.838695501126296,ok
483,2021-08-27T00:00:00,711.9199829101562,702.4359924280468,695.1396447290572,57.017706091662525,8.587661338797488,8.910464055106448,-0.32280271630895996,21.605402196294584,709.6733194986979,0.579239855261604,38.62553944490185,ok
484,2021-08-30T00:00:00,730.9099731445312,703.4979919397656,698.546342673388,61.802974315297895,10.427656412176702,9.2139025265205,1.2137538856562031,21.42501754583381,724.8799845481772,1.1990270882009435,115.49915818027198,ok
485,2021-08-31T00:00:00,735.7199707,704.7969909647657,702.0866881997321,62.92876725833335,12.134117811275587,9.797945583471517,2.33617222780407,20.8910885930622,734.1833292632813,2.5865538480251082,150.6687186263315,ok
486,2021-09-01T00:00:00,734.0900268554688,705.9554931620312,705.1346252145642,62.259122550735256,13.202784437657897,10.478913354308792,2.7238710833491044,20.164580172129185,735.7833455184896,6.983698666338611,144.52953596187996,ok
487,2021-09-02T00:00:00,732.3900146484375,706.8434936503124,707.7303765892187,61.523758899189794,13.753986268733797,11.133927937193793,2.6200583315400046,19.469252493595402,734.6333211252604,10.016372065151224,127.54863426170897,ok
488,2021-09-03T00:00:00,733.5700073242188,708.5669952372266,710.1912938020758,61.86049230396849,14.123229440793125,11.731788237913658,2.3914412028794665,18.778590729264927,730.5900065104166,6.470343220991959,98.54913603092076,ok
489,2021-09-07T00:00:00,752.9199829101562,710.5249938927343,714.2606927647502,66.96601615440989,15.795161836688862,12.5444629576687,3.250698879020163,19.339406025946897,750.7933349723959,11.797112813742316,161.7131825214811,ok
490,2021-09-08T00:00:00,753.8699951171875,712.7189941385938,718.0330072745061,67.19818107564551,17.000862985752747,13.43574296328551,3.5651200224672372,19.649447931738635,753.0300089414062,10.820860297054535,142.78845886467994,ok
491,2021-09-09T00:00:00,754.8599853515625,715.070993039961,721.5403385199401,67.45487054990318,17.83073218977563,14.314740808583533,3.515991381192098,18.99377098683766,756.1966552734375,6.875265241095785,131.41722042976588,ok
492,2021-09-10T00:00:00,736.2700195,715.7719940149609,722.9431652799458,58.238632804277586,16.79475514847502,14.810743676561831,1.9840114719131883,19.643499191460865,744.4666747838542,3.921019306448925,84.14143496361156,ok
493,2021-09-13T00:00:00,743.0,717.063494869453,724.853340015189,60.350644808823425,16.32856354462433,15.11430765017433,1.21425589445,20.80682451450384,732.2100016286458,4.471314292344486,45.33928058163601,ok
494,2021-09-14T00:00:00,744.4899902,719.9794952339453,726.7234971756473,60.823041320623815,15.896092833406556,15.270664686820776,0.6254281465857794,20.611333212463386,745.1199951046874,6.179761925248561,74.81083207153412,ok
495,2021-09-15T00:00:00,755.8300170898438,724.4854949898047,729.495546691285,64.308432521333,16.28072797869754,15.472677345196129,0.8080506335014128,20.460523697287428,750.3499959309896,6.167832794943329,85.01378054673407,ok
496,2021-09-16T00:00:00,756.9899902,727.8854949898047,732.1140651206864,64.65482580207403,16.489078406402882,15.67595755743748,0.8131208489654025,19.80619970412181,754.5033162320311,3.568157230536473,92.47596619206996,ok
497,2021-09-17T00:00:00,759.4899902,732.1864959648046,734.7212960806211,65.43346533722256,16.663836394987925,15.87353332494757,0.7903030700403555,19.180041012923375,756.8433227424479,3.2308514715706282,97.7201701746755,ok
498,2021-09-20T00:00:00,730.1699829101562,734.6819946203125,734.287837683434,51.19039666666979,14.271935817111398,15.553213823380336,-1.2812780062689377,20.72932344648688,730.2633260091146,-0.5340004361732431,-13.937691458115115,ok
499,2021-09-21T00:00:00,739.3800048828125,736.3359954748047,734.7728059881367,54.537996186913084,12.969999102153793,15.036570879135027,-2.0665717769812346,20.28937229244094,738.1866658414061,0.9544081834226503,14.56082901856922,ok
500,2021-09-22T00:00:00,751.9400024414062,738.508496086875,736.4077770789243,58.698166602543054,12.804094083973382,14.590075520102697,-1.7859814361293154,19.879416256764355,748.2433268229166,2.5041911383746784,58.508827066187585,ok
501,2021-09-23T00:00:00,753.6400146484375,740.6304962089453,738.0489425617351,59.24182295490898,12.66380942716819,14.204822301515796,-1.5410128743476061,19.1937457596294,753.2533365885416,0.0956319070584577,77.7371415408076,ok
502,2021-09-24T00:00:00,774.3900146484375,744.2919982841406,741.5099970461829,65.25375140763948,14.064853534489885,14.176828548110613,-0.1119750136207287,19.98276322211123,764.5833333333334,2.7219573221056725,133.1765339691837,ok
503,2021-09-27T00:00:00,791.3599853515625,748.2639984062109,746.2576149800286,69.24869195576836,16.35598428965511,14.612659696419513,1.7433245932355987,20.676137452060875,786.5566609700521,4.835333798095132,239.97957713625794,ok
504,2021-09-28T00:00:00,777.5599975585938,750.596499626914,749.2387942732253,62.913914016281176,16.86378304267123,15.062884365669856,1.8008986770013742,21.303557774960545,779.7933349609375,5.607993937690647,176.92263931384318,ok
505,2021-09-29T00:00:00,781.3099975585938,752.8760009698437,752.2931945861175,63.880843210945095,17.36859650394979,15.524026793325842,1.8445697106239471,21.41187559990756,781.8299967447916,5.1561234937542055,163.36582698237396,ok
506,2021-09-30T00:00:00,775.4799805,754.9454986520702,754.5014599112492,61.20893380959451,17.101100316471616,15.839441497954997,1.2616588185166187,20.89174197725791,779.8699951276043,4.162579847671943,133.20253365954636,ok
507,2021-10-01T00:00:00,775.2199707,757.0869964546484,756.4746514149398,61.08621845573821,16.675897674812518,16.0067327333265,0.6691649414860166,20.627332010634582,773.1966756184896,2.565385492999206,87.47376846034429,ok
508,2021-10-04T00:00:00,781.5300293,759.4849975534374,758.8608778801836,63.023692901339935,16.656089480067408,16.136604082674683,0.5194853973927245,21.421808295589255,788.2066650390625,3.2417917565219723,136.76845003800307,ok
509,2021-10-05T00:00:00,780.5900268554688,760.8684997507031,760.9303206397345,62.52427798928863,16.375771303651277,16.184437526870003,0.19133377678127417,21.542392371015914,784.0333455403646,2.778184956711871,101.3952782191175,ok
510,2021-10-06T00:00:00,782.75,762.3124999948437,763.0083853407122,63.24501684915578,16.14183587435741,16.175917196367486,-0.03408132201007419,20.96365023340987,780.876647948177,7.201065275277618,78.06275914324544,ok
511,2021-10-07T00:00:00,793.6099853515625,764.2499999948437,765.9228234369837,66.71149012080471,16.640924202820315,16.26891859765805,0.3720056051622649,21.055532359594878,793.9966634114584,7.334520829697744,113.77733121489138,ok
512,2021-10-08T00:00:00,785.4899902,766.7109985298437,767.7863631286995,62.00286012171962,16.19455875915162,16.254046629956765,-0.05948787080514606,20.65656802950105,787.5933227424479,4.4617905218053755,81.37611652621402,ok
513,2021-10-11T00:00:00,791.9400024414062,769.157998651914,770.0867097299097,64.16644187439292,16.17481975833641,16.238201255632696,-0.06338149729628384,20.306098884536688,792.8933308804686,5.082000298356659,92.76276221139827,ok
514,2021-10-12T00:00:00,805.7199707,772.219497676914,773.480353631823,68.31712304423677,17.074283026094577,16.40541760972507,0.6688654163695062,20.31137788441353,804.8699951161458,4.045759302021201,126.59157212002036,ok
515,2021-10-13T00:00:00,811.0800170898438,774.981997676914,777.0612739611583,69.78328421965516,18.01199403875762,16.72673289553158,1.285261143226041,19.552708210136228,810.756673178125,2.4919167134184406,136.44267921625197,ok
516,2021-10-14T00:00:00,818.3200073242188,778.048498533125,780.9906771385927,71.68903412120065,19.118952098272757,17.205176736079814,1.9137753621929434,18.811084974423373,817.3066609700521,5.242040471938436,147.6407538548888,ok
517,2021-10-15T00:00:00,843.0300293,782.225500488125,786.8991868682505,77.01683829453336,21.739516979456425,18.112044784755135,3.6274721947012907,19.245294236852953,836.1966756195312,7.899557401577684,195.2169668735839,ok
518,2021-10-18T00:00:00,870.1099853515625,789.2225006101953,794.824024819042,81.19374987742528,25.705146734018854,19.630665174607877,6.074481559410977,20.172771827077742,865.613321950521,12.202765671726134,253.74328971836894,ok
519,2021-10-19T00:00:00,864.2700195,795.4670013410547,801.4379290743714,77.90553013475396,28.05331924605548,21.315195988897397,6.738123257158083,19.83471686850299,868.2433471690105,11.487068466462569,209.31421285903426,ok
520,2021-10-20T00:00:00,865.7999877929688,801.1600006086328,807.567648952333,78.15513008944812,29.695408351551123,22.991238461428143,6.70416989012298,19.28295032912331,864.2233276252604,10.78268976669361,161.43651742054547,ok
521,2021-10-21T00:00:00,894.0,808.177999876211,815.7993014330632,82.15637814972227,32.893109811385784,24.971612731419672,7.921497079966112,21.084168162757358,883.1666666666666,14.52874995103286,171.59651553395224,ok
522,2021-10-22T00:00:00,909.6799926757812,814.9424987775781,824.7403196466554,83.92002865409206,36.274406840248616,27.23217155318546,9.042235287063157,20.938154581656384,903.546671549479,16.215904525810455,175.65774892527523,ok
523,2021-10-25T00:00:00,1024.8599853515625,826.6174987775781,843.7993354280751,90.97588756615889,47.69833518924622,31.325404280397613,16.37293090884861,29.109716920410833,1004.6933391861979,29.13899828233111,265.9288940335572,ok
524,2021-10-26T00:00:00,1018.4299926757812,838.6609985334375,860.4308265945233,88.63758530837018,55.5922017427946,36.17876377287701,19.413437969917588,33.709018465995335,1038.2699787057293,29.655375037493535,237.61638933108082,ok
525,2021-10-27T00:00:00,1037.8599853515625,851.4884979230859,877.3288417142413,89.51459873985483,62.69329658660229,41.48167033562207,21.211626250980217,35.04766087606933,1046.5066731770833,31.052855286010296,195.8994038719248,ok
526,2021-10-28T00:00:00,1077.040039,866.5665008480859,896.3489557414564,91.01981222265105,70.66785327565344,47.31890692362835,23.348946352025095,35.6256861455242,1070.746663390625,33.674238962239,181.02836768581642,ok
527,2021-10-29T00:00:00,1114.0,883.5055023130859,917.0776266232225,92.16276221687112,79.05876662148387,53.66687886319945,25.39188775828442,36.080994277986754,1100.8066406666667,37.34773099170086,167.02410321394197,ok
528,2021-11-01T00:00:00,1208.5899658203125,904.8584991391015,944.8407065467549,94.19800911545103,92.27752772286897,61.38900863513335,30.888519087735617,40.343066115273416,1179.0,47.691606584594794,179.1728770843625,ok
529,2021-11-02T00:00:00,1172.0,924.4289977963281,966.4749249708734,85.00227804939117,98.66365350355477,68.84393760881764,29.81971589473713,41.932130379919066,1175.5299886067708,39.02233126537098,145.28338450650654,ok
530,2021-11-03T00:00:00,1213.8599853515625,945.9844970639062,990.0354069118914,86.61243390963672,105.88191437397677,76.25153296184946,29.630381412127306,43.42055103358556,1193.9566650390625,39.506499843362896,131.8644321712063,ok
531,2021-11-04T00:00:00,1229.9100341796875,967.7994995053125,1012.8806095088244,87.18072149847525,111.61096123738866,83.3234186169573,28.287542620431367,42.435512022816056,1230.1333414713542,42.306224493500146,129.9992248439469,ok
532,2021-11-05T00:00:00,1222.0899658203125,989.629498286328,1032.8053101099185,85.28122349778079,114.2037878141017,89.49949245638618,24.704295357715523,41.68083224384259,1223.3199869791667,41.15153419389286,112.60350770709103,ok
533,2021-11-08T00:00:00,1162.939941,1008.1794952142578,1045.1990844804025,72.42694729095689,110.21521648182511,93.64263726147396,16.572579220351145,45.067198927876156,1164.3133136666668,30.08276744966445,77.27054811404494,ok
534,2021-11-09T00:00:00,1023.5,1019.0684966792578,1043.1325050060784,52.382390379375074,94.71083947241368,93.8562777036619,0.854561768751779,53.489540433027855,1069.8400066666666,12.512093070160034,26.897238937400903,ok
535,2021-11-10T00:00:00,1067.949951171875,1031.9119933833595,1045.496071307583,56.51395866906359,85.03007479245571,92.09103712142067,-7.060962328964962,56.15385740405042,1044.4533081054688,4.204473434049749,8.668653385040765,ok
536,2021-11-11T00:00:00,1063.510009765625,1044.1714935054297,1047.211684494063,55.99137109185692,76.12224303879964,88.89727830489646,-12.775035266096822,55.73500451748878,1074.3866780598958,4.426422769757821,20.258111859313274,ok
537,2021-11-12T00:00:00,1033.4200439453125,1053.6909942376953,1045.8981949179915,52.451477425356295,65.87534347361634,84.29289133864043,-18.41754786502409,54.91893259185342,1035.7066853841145,-0.42779772502222757,-11.147583526820801,ok
538,2021-11-15T00:00:00,1013.3900146484375,1060.854995702539,1042.8021777494625,50.17731687159484,55.49859254873775,78.5340315806599,-23.035439031922152,54.911870860962104,1007.9899900781251,-5.909717563579131,-38.05416626877009,ok
539,2021-11-16T00:00:00,1054.72998,1070.377993727539,1043.9381589161803,54.5566404393054,50.03397190858732,72.83401964624538,-22.800047737658062,54.91959140632865,1038.0366412825522,-5.32046858168761,-24.261449497455853,ok
540,2021-11-17T00:00:00,1089.010009765625,1081.538494826172,1048.230716139937,57.86405353197861,47.91697552614232,67.85061082222477,-19.933635296082443,55.6331944950507,1088.0500081380208,-9.894170846729178,8.655349481133097,ok
541,2021-11-18T00:00:00,1096.3800048828125,1091.6574950703125,1052.8163626868775,58.562324663017264,46.3002175660406,63.54053217098793,-17.24031460494733,54.300822031118514,1094.4666749609376,-6.452218013411903,5.430870398715209,ok
542,2021-11-19T00:00:00,1137.060059,1103.0264983865234,1060.839571859556,62.27821255105542,47.7510215717075,60.38263005113184,-12.631608479424344,53.709336138270764,1122.8266602916667,-6.326918036541052,25.67921021780755,ok
543,2021-11-22T00:00:00,1156.8699951171875,1109.6269988748047,1069.9853264555209,63.97250182064195,49.923799994934825,58.29086403989244,-8.367064044957615,54.838661947032676,1163.75,-5.9386489281889165,63.09078586589049,ok
544,2021-11-23T00:00:00,1109.030029296875,1114.1570007058594,1073.703869583269,57.2813482542838,47.24089350900613,56.08086993371518,-8.83997642470905,59.3359038671107,1117.4099934895833,-9.251359530437476,6.348141002943407,ok
545,2021-11-24T00:00:00,1116.0,1118.0640014382811,1077.7320724801004,57.971080706592204,45.156552546103285,53.8960064561928,-8.739453910089516,60.15262644803136,1103.5900066666666,-4.036316867716916,-14.086663448105528,ok
546,2021-11-26T00:00:00,1081.9200439453125,1118.308001685547,1078.1309269053588,53.42863294149253,40.290288316718716,51.17486282829798,-10.884574511579267,58.35601027317198,1090.5666910807292,5.707869462170256,-32.050762991809684,ok
547,2021-11-29T00:00:00,1136.989990234375,1119.4575011972656,1083.7365519843127,59.016973701767995,40.41158370061089,49.02220700276057,-8.610623302149676,58.527009539373985,1126.6166583932293,6.464726084470662,11.963883155779703,ok
548,2021-11-30T00:00:00,1144.760009765625,1116.2660033945313,1089.548309868247,59.7508332158924,40.665915446032386,47.35094869141493,-6.685033245382542,57.9179374294187,1143.586669921875,7.639796452682734,37.015479377487296,ok
549,2021-12-01T00:00:00,1095.0,1112.4160033945313,1090.0675184522236,53.18296432702857,36.43228950520415,45.16721685417277,-8.734927348968618,59.64379590265219,1119.5333251953125,5.95885055795824,9.60899940077138,ok
550,2021-12-02T00:00:00,1084.5999755859375,1105.95300290625,1089.5468000840058,51.89892750741118,31.870531740695924,42.5078798314774,-10.63734809078148,59.408523022886854,1084.75,7.026905723183385,-33.43278891485307,ok
551,2021-12-03T00:00:00,1014.969970703125,1095.2059997324218,1082.4442449048743,44.20386833718686,22.378777755165174,38.48205941621496,-16.103281661049785,61.62005238425431,1035.2533162434895,-3.769686085615498,-101.54710915845546,ok
552,2021-12-06T00:00:00,1009.010009765625,1084.5520019296875,1075.4505082249457,43.60786312557018,14.211751079120859,33.62799774879614,-19.41624666967528,62.30004968883882,993.7166748046875,-7.346121640995518,-157.91514725445896,ok
553,2021-12-07T00:00:00,1051.75,1078.9925048796874,1073.1933169654271,48.92606466711511,11.060584088618725,29.114515016760656,-18.05393092814193,61.325762866756584,1045.4100343151042,-4.0706693558847595,-61.45849416065102,ok
554,2021-12-08T00:00:00,1068.959961,1081.2655029296875,1072.790140206815,50.93270042940872,9.838548901318063,25.259321793672136,-15.420772892354073,59.758208725046295,1058.1133219609376,-5.989138169173868,-37.20423991536402,ok
555,2021-12-09T00:00:00,1003.7999877929688,1078.0580047607423,1066.2196495007345,43.900037378225136,3.571047129495355,20.92166686083678,-17.350619731341425,60.24690636243138,1022.8833211263021,-13.231392288699928,-93.94299822898897,ok
556,2021-12-10T00:00:00,1017.030029296875,1075.7340057373046,1061.5349237670337,45.54415396121558,-0.32469649916515664,16.672394188836392,-16.99709068800155,58.68998095797199,1006.8466795322917,-8.295537322675383,-105.43766297233373,ok
557,2021-12-13T00:00:00,966.4099731445312,1072.3835021972657,1052.4754046601286,40.636918417684136,-7.41128420329801,11.855658510409512,-19.26694271370752,59.18427134573962,974.276652018229,-13.404124270203289,-140.11121655482103,ok
558,2021-12-14T00:00:00,958.5100098,1069.6395019548438,1043.5263194353545,39.91411874478711,-13.509191483839913,6.782688511559627,-20.29187999539954,57.55753575993902,951.639994314844,-11.406576191646046,-158.01601612059957,ok
559,2021-12-15T00:00:00,975.9899902,1065.7025024648437,1037.0942880796065,42.35722636699729,-16.738388877041302,2.0784730338394413,-18.816861910880743,57.05342606280052,960.9966633999999,-14.160195025216282,-129.19211287695478,ok
560,2021-12-16T00:00:00,926.9199829101562,1057.5980011220704,1026.6014971110874,37.720538013830826,-22.99205250022601,-2.9356320729736494,-20.05642042725236,58.201753123604945,947.9166463320313,-19.029318372159832,-125.68292211744613,ok
561,2021-12-17T00:00:00,932.5700073242188,1049.4075012441406,1017.6461171313856,38.55458166965608,-27.17891461641159,-7.7842885816612375,-19.394626034750353,57.731627551717985,934.0899861653646,-14.833789285459476,-123.07910785316577,ok
562,2021-12-20T00:00:00,899.9400024414062,1037.551498416211,1006.4360109704352,35.59025205661945,-32.75245182497042,-12.777921230323074,-19.974530594647348,56.40651077486536,905.0066731770834,-17.02562947641334,-135.5755611226056,ok
563,2021-12-21T00:00:00,938.5300293,1026.6345001253517,999.9687746208699,41.33501469148182,-33.66752924096238,-16.955842832450934,-16.711686408511447,56.19033178257587,921.3833414723957,-7.531251525616156,-108.0041312934267,ok
564,2021-12-22T00:00:00,1008.8699951171875,1021.6264984163672,1000.8165099062335,50.075678496168855,-28.389629325158012,-19.24260013099235,-9.147029194165661,57.68601835842982,993.8599853515625,-0.013876438001836355,-29.171370863976215,ok
565,2021-12-23T00:00:00,1067.0,1019.1764984163672,1007.1196994389732,55.92066334822018,-19.293842627535355,-19.252848630300953,-0.040993997234402,58.952730078642425,1045.846659186198,1.4499643451390432,31.260701692057907,ok
566,2021-12-27T00:00:00,1093.939941,1019.7774932691016,1015.3882938733567,58.35412323926727,-9.798586045323418,-17.361996113305445,7.563410067982026,58.3132493587394,1093.886637234375,2.33684898512303,84.98777720590802,ok
567,2021-12-28T00:00:00,1088.469970703125,1017.3514922925391,1022.3484535714299,57.658101995112474,-2.6839685639072286,-14.426390603425801,11.742422039518573,57.04658555130712,1095.2966715494792,8.434945600698619,90.72877814488257,ok
568,2021-12-29T00:00:00,1086.189941,1014.4229888542579,1028.4285952312937,57.35103550059857,2.738865766456229,-10.993339329449395,13.732205095905623,55.81897125132536,1084.7766518828125,6.800183840288265,86.37641363059508,ok
569,2021-12-30T00:00:00,1070.3399658203125,1013.1899871452736,1032.4201543350098,55.15212718507771,5.691927512190887,-7.656285961121338,13.348213473312224,54.86047504866372,1073.0133463541667,10.754234286056775,78.21550486933081,ok
570,2021-12-31T00:00:00,1056.780029296875,1011.7989898308203,1034.740142426616,53.27036271101663,6.859010268236489,-4.753226715249772,11.61223698348626,52.89972927230828,1064.4566650390625,10.252372796542808,69.98703751965112,ok
571,2022-01-03T00:00:00,1199.780029296875,1021.0394927605079,1050.4582268904503,66.32085987828815,19.102633393135648,0.01794530642731207,19.084688086708336,59.42759982372822,1178.9633381953124,22.929542448587604,183.4114924026126,ok
572,2022-01-04T00:00:00,1149.5899658203125,1028.0684905632422,1059.8993448837705,59.988454478462145,24.47375603823798,4.9091074527894465,19.564648585448534,61.25062492002442,1160.2133382161458,24.022567968710963,139.7465175654147,ok
573,2022-01-05T00:00:00,1088.1199951171875,1029.8869903191016,1062.5870258583816,53.278761783609944,23.49940995152224,8.627167952536006,14.872241998986233,63.25629142964321,1113.1566569010417,16.67971161106514,82.86283579582914,ok
574,2022-01-06T00:00:00,1064.699951171875,1029.6739898276953,1062.7882568406192,50.94094054935297,20.599968230377954,11.021728008104395,9.578240222273559,63.56798455018209,1057.7333170572917,18.307881445818495,28.102682073735043,ok
575,2022-01-07T00:00:00,1026.959961,1030.831988488047,1059.3760381891316,47.33639038286733,15.08297087696269,11.833976581876055,3.2489942950866357,64.0938466330932,1039.2966715703126,9.422173925106602,9.0483116680835,ok
576,2022-01-10T00:00:00,1058.1199951171875,1032.8864867790626,1059.2564150394226,50.453674532087646,13.074352072359261,12.082051679972697,0.9923003923865643,65.16571298686779,1032.4066569010417,4.8816993505966355,1.0026725068714546,ok
577,2022-01-11T00:00:00,1064.4000244140625,1037.785989342539,1059.746282598912,51.082140324666085,11.85262341354769,12.036166026687695,-0.18354261314000553,63.15602129472545,1059.6899820963542,-0.24367156381794874,25.081263561692722,ok
578,2022-01-12T00:00:00,1106.219970703125,1045.1714873876954,1064.1723481326467,55.16094689198278,14.096420055332146,12.448216832416586,1.6482032229155603,62.24772987412006,1097.88330078125,1.1225506303297994,60.087907719010964,ok
579,2022-01-13T00:00:00,1031.560059,1047.9499908276953,1061.0664158342993,47.53993058518863,9.73796099146307,11.906165664225883,-2.1682046727628137,64.16288749639274,1057.9000245286459,-5.228431948964351,11.915823458227711,ok
580,2022-01-14T00:00:00,1049.6099853515625,1054.0844909497657,1059.9753272168957,49.36145518518698,7.652120112015382,11.055356553783783,-3.403236441768401,62.33839518359237,1038.3299967447917,-3.367731026376497,-18.387670727669132,ok
581,2022-01-18T00:00:00,1030.510009765625,1058.981491071836,1057.169106507251,47.48264400754152,4.407065870698034,9.725698417166633,-5.318632546468599,61.79494134486479,1039.1200154414062,-3.721243467178359,-27.662186503097754,ok
582,2022-01-19T00:00:00,995.6500244140625,1063.7669921704687,1051.3101463078997,44.1776061987965,-0.9664320486433553,7.587272324004635,-8.55370437264799,61.64316295918248,1015.106689453125,-5.784553378008583,-81.31603488355367,ok
583,2022-01-20T00:00:00,996.2700195,1066.6539916804688,1046.068229469052,44.25192815284742,-5.115965772911522,5.0466247046214034,-10.162590477532927,60.644368046361414,1010.6433512265625,-16.962276819705114,-106.45421527125335,ok
584,2022-01-21T00:00:00,943.9000244140625,1063.4054931453124,1036.3379242257197,39.47145613224614,-12.486386780000657,1.5400224076969908,-14.026409187697649,60.887626599690506,962.9833374023438,-17.892461444674833,-186.22828338295582,ok
585,2022-01-24T00:00:00,930.0,1056.5554931453125,1026.2105028708893,38.28914451094136,-19.227472003428716,-2.613476474528151,-16.613995528900563,63.14065710785994,904.9933268333334,-14.53148511439296,-237.97717654069965,ok
586,2022-01-25T00:00:00,918.4000244140625,1047.7784973160155,1015.9428382559533,37.285421090230805,-25.215186718059044,-7.13381852323433,-18.081368194824712,62.06275215925164,924.2900187289064,-13.740953645840381,-172.63201929596684,ok
587,2022-01-26T00:00:00,937.4099731445312,1040.225497438086,1008.4635177691513,40.058575234809865,-28.102600493551904,-11.327574917297845,-16.77502557625406,63.46469860797697,943.6999918619791,-8.719910342781978,-127.59990579635067,ok
588,2022-01-27T00:00:00,829.0999755859375,1027.3709991673827,991.3812756564643,31.509497580374262,-38.684675473400716,-16.79899502851842,-21.885680444882297,66.675075360588,864.4966634114584,-21.644049879795148,-186.89104198714938,ok
589,2022-01-28T00:00:00,846.3499755859375,1016.1714996556641,977.5687708878427,33.92799960738141,-45.15855558042301,-22.47090713889934,-22.687648441523674,66.590426420546,831.9533284619793,-20.485723771770726,-178.77020715517088,ok
590,2022-01-31T00:00:00,936.7199707,1010.1684967258203,973.678408965191,44.90425084498268,-42.50705399613719,-26.478136510346907,-16.02891748579028,68.37968272008288,912.2533162309895,-15.322449828435936,-89.7608204935178,ok
591,2022-02-01T00:00:00,931.25,996.7419952609765,969.6376081113633,44.423199051363696,-40.38160678228212,-29.258830564733948,-11.122776217548171,66.25970625486491,926.6500040690104,-9.72411234080166,-67.04325755998514,ok
592,2022-02-02T00:00:00,905.6599731445312,984.5454956271875,963.5445000192841,42.14833607647881,-40.29755077377456,-31.46657460654207,-8.830976167232489,64.53330058347947,908.856648763021,-13.714619164833476,-74.12322671430881,ok
593,2022-02-03T00:00:00,891.1400146484375,974.69649660375,956.6488347458701,40.86947380556839,-40.93075086624174,-33.359409858482,-7.5713410077597345,63.958063434659515,902.8866780494791,-13.524370825751152,-71.96040825424251,ok
594,2022-02-04T00:00:00,923.3200073242188,967.6274994113671,953.4746607057128,44.86244428663733,-38.393335558668014,-34.366194998519205,-4.027140560148808,63.341774410029814,913.663330078125,-7.264602552730293,-55.73250547755388,ok
595,2022-02-07T00:00:00,907.3400268554688,961.6465027041406,949.0808860533086,43.2988095892263,-37.242557499715076,-34.94146749875838,-2.301090000956698,62.035933204123666,919.2733561093751,-8.926294167635673,-45.61457083221743,ok
596,2022-02-08T00:00:00,922.0,954.8405029482813,946.5017540482316,45.18629304877377,-34.74707760154479,-34.90258951931566,0.15551191777087325,59.854080134855906,914.3633219401041,-2.3201635605060167,-46.179636801959745,ok
597,2022-02-09T00:00:00,932.0,948.220501727578,945.1206346150667,46.494689551591065,-31.59823064313173,-34.241717744078876,2.643487100947148,57.455218660937625,932.7566731666666,0.21505376344086446,-21.679667395482106,ok
598,2022-02-10T00:00:00,904.5499877929688,938.1370025820703,941.2567634891526,43.430126766775864,-30.9608360723646,-33.585541409736024,2.6247053373714238,56.71627342455369,915.0199991861978,-1.508061438688446,-37.88916717079654,ok
599,2022-02-11T00:00:00,860.0,929.5589996320703,933.5180241092334,38.943778459971824,-33.66246800100487,-33.600926727989794,-0.06154127301507373,57.32654030605878,875.5533447265625,-8.25785679288864,-92.52130578704973,ok
600,2022-02-14T00:00:00,875.7600098,920.8665008544922,928.0172608416873,41.255639101741274,-34.13830456502774,-33.708402295397384,-0.42990226963035383,56.49821460339387,875.9300130322918,5.627793461347919,-90.8938798426961,ok
601,2022-02-15T00:00:00,922.4299926757812,915.4625,927.4851400639819,47.584912863109,-30.39910888504005,-33.046543613325916,2.647434728285866,55.836912860294305,912.9366658528647,8.989191148398469,-12.678997765384958,ok
602,2022-02-16T00:00:00,923.3900146484375,911.8494995117187,927.0951281196444,47.7097192715857,-27.046528079424206,-31.846540506545573,4.800012427121366,53.6499884204965,917.010009765625,-1.4230459975782428,10.067031133484395,ok
603,2022-02-17T00:00:00,876.3499755859375,905.8534973160156,922.2622564497676,42.3842676791229,-27.864121412438294,-31.050056687724116,3.1859352752858214,53.33856346635389,889.6499837239584,-5.895304635067111,-57.42793922468825,ok
604,2022-02-18T00:00:00,856.9799805,901.5074951203126,916.044896835504,40.38524017087231,-29.7323309376103,-30.78651153770135,1.0541806000910512,53.04723820201611,860.48665365625,-5.375084920172634,-129.1968570676127,ok
605,2022-02-22T00:00:00,821.5300293,896.0839965853125,907.0434808797418,36.95041800468101,-33.68511421188907,-31.366232072538896,-2.318882139350176,53.249578681448,826.4533284619793,-7.811341001885008,-181.47236308428884,ok
606,2022-02-23T00:00:00,764.0399780273438,888.3659942659766,893.4240996557039,32.17164317291732,-40.98424919540321,-33.28983549711176,-7.694413698291449,54.78460807808564,786.6333211263021,-17.250793661286345,-217.8096835370664,ok
607,2022-02-24T00:00:00,800.7700195,881.53399658375,884.5999015456368,37.714077070394595,-43.3058559260312,-35.293039582895645,-8.012816343135555,58.19142039393667,767.75,-11.745321952212784,-205.73779714447127,ok
608,2022-02-25T00:00:00,809.8699951171875,880.5724975603125,877.4827676000702,39.04304944104801,-43.90534056972729,-37.015499780261976,-6.88984078946531,56.68488862193673,803.92333984375,-12.161605735662961,-123.54037808630036,ok
609,2022-02-28T00:00:00,870.4299926757812,881.7764984148047,876.811074750138,47.12807624885723,-39.04367955290934,-37.42113573479145,-1.6225438181178902,57.42096730853946,854.0,-6.606223961826041,-45.157403990555366,ok
610,2022-03-01T00:00:00,864.3699951171875,878.158999635664,875.6262100231903,46.46395754308355,-35.27316227029985,-36.99154104189313,1.7183787715932795,55.89803932813039,869.3433431000001,-4.44198697894157,-16.00946392646723,ok
611,2022-03-02T00:00:00,879.8900146484375,875.5910003680859,876.0322866541662,48.46684803343088,-30.679015692881535,-35.72903597209081,5.050020279209278,54.920319447549645,870.2133382161459,2.3127924009811007,-10.18005160828911,ok
612,2022-03-03T00:00:00,839.2899780273438,872.2725006122266,872.5330191658974,43.845633452988565,-29.968744051368844,-34.576977587946416,4.608233536577572,54.84315569097244,852.7766520182291,-4.164386517373075,-36.92368265295544,ok
613,2022-03-04T00:00:00,838.2899780273438,869.6299987811719,869.2717771527018,43.73502228756024,-29.150511351592513,-33.49168434067563,4.34117298908312,53.10364823229807,839.6999918619791,-9.121561019971224,-54.691848625833714,ok
614,2022-03-07T00:00:00,804.5800170898438,863.6929992694531,863.1106571467153,40.065681207153716,-30.866359979527488,-32.966619468446005,2.1002594889185175,53.70838816743526,825.0966796875,-12.866718902502782,-72.272803831063,ok
615,2022-03-08T00:00:00,824.4000244140625,859.5459991473829,859.423930219796,43.08900825506949,-30.27784923219383,-32.42886542119557,2.151016189001737,54.71636096189301,818.853332508073,-5.9279913983155685,-75.18064672008029,ok
616,2022-03-09T00:00:00,858.9699707,856.3944976823828,859.3806959798154,48.01472546762904,-26.71400208560749,-31.285892754077953,4.571890668470463,53.390904689224314,850.5133260195313,0.2322096484492997,-12.919163811509677,ok
617,2022-03-10T00:00:00,838.2999877929688,851.7094970720312,857.37300948583,45.48006111421526,-25.26626860339445,-30.081967923941253,4.815699320546802,53.04941045059668,834.3699951171875,2.0413080343828494,-37.67038200897215,ok
618,2022-03-11T00:00:00,795.3499755859375,846.2494964616797,851.4660538763164,40.675173058520585,-27.270281594205585,-29.51963065799412,2.249349063788536,52.83373601076612,810.9733276263021,4.097952785066594,-77.65415861621862,ok
619,2022-03-14T00:00:00,766.3699951171875,841.5679962175391,843.361667327828,37.775233960312676,-30.841398116203436,-29.783984149635984,-1.0574139665674522,52.24990016568907,774.3699951171875,-4.295868170026129,-135.75133806251426,ok
620,2022-03-15T00:00:00,801.8900146484375,837.8744964599609,839.411986120267,43.127318493142795,-30.45430667520509,-29.918048654749803,-0.5362580204552856,52.017764439568424,788.010009765625,-0.9853409209950148,-97.31137998679732,ok
621,2022-03-16T00:00:00,840.2299805,833.7644958511719,839.4898903469083,48.29672791126443,-26.745513464894202,-29.283541616778685,2.5380281518844825,51.16720879042514,828.1633301,-3.469550961007628,-11.518813955712574,ok
622,2022-03-17T00:00:00,871.5999755859375,831.1749938980469,842.5479937030063,52.1306408780348,-21.032521872013035,-27.633337667825554,6.600815795812519,51.03241025539478,857.4399820953126,0.8364450998521455,65.67117898634645,ok
623,2022-03-18T00:00:00,905.3900146484375,832.6269958511718,848.5329480787617,55.922081229391736,-13.62134275725407,-24.830938685711256,11.209595928457187,50.27723530411658,893.5433349609375,2.898089485671518,151.91895168971564,ok
624,2022-03-21T00:00:00,921.1599731445312,835.8359954833984,855.449807608835,57.60957031786752,-6.4016320293955005,-21.145077354448105,14.743445325052605,49.36171570650111,923.6999918619791,9.75467326675503,194.80568342367314,ok
625,2022-03-22T00:00:00,993.9799805,844.4584930433984,868.6431574079936,64.38920658862554,5.136792996906024,-15.888703284177279,21.025496281083303,51.31445117082469,971.1966552838543,18.572332552397274,232.3579876718052,ok
626,2022-03-23T00:00:00,999.1099853515625,856.2119934096094,881.0685695930954,64.81611441456526,14.527561789182414,-9.80545026950534,24.333012058687753,52.241985141323816,1005.4033203125,24.17782745404631,237.93355674843826,ok
627,2022-03-24T00:00:00,1013.9199829101562,866.8694915801173,893.7210851471012,66.08034358046314,22.900869773113754,-3.2641862609815195,26.165056034095272,51.059700662758274,1009.0699869791666,22.988834653515934,195.63678303269097,ok
628,2022-03-25T00:00:00,1010.6400146484375,876.9079925566797,904.8562212900856,65.51884639271661,28.93852534337168,3.1763560598891205,25.76216928348256,49.161149220329115,1009.9200032552084,17.657199799992675,159.46658102048522,ok
629,2022-03-28T00:00:00,1091.8399658203125,887.9784912139063,922.664196959631,71.88747541251131,39.816587489411404,10.504402345793576,29.31218514361783,51.88106643561811,1081.1066487630208,30.24454034585522,187.6886768937394,ok
630,2022-03-29T00:00:00,1099.5699462890625,899.7384887725,939.512363562434,72.40990134847388,48.50217208578829,18.103956293792518,30.39821579199577,51.15099273653377,1095.816650546875,38.24982461073252,162.19753699640705,ok
631,2022-03-30T00:00:00,1093.989990234375,910.4434875517969,954.2245184835712,71.37873017397077,54.309261277039695,25.34501729044195,28.964243986597744,49.63663262477243,1097.3133138020833,42.74958534449021,135.9436844042786,ok
632,2022-03-31T00:00:00,1077.5999755859375,922.3589874297265,965.9745620171299,68.30193176896421,56.932600514446335,31.662533935242827,25.270066579203508,47.984016008717255,1085.7933349609375,34.382515794061355,110.60992232681008,ok
633,2022-04-01T00:00:00,1084.5899658203125,934.673986819375,977.2712671412424,68.91729416436361,58.896724773111714,37.10937210281661,21.787352670295107,46.56444239034906,1081.9933268229167,29.0825120492487,95.2930259927326,ok
634,2022-04-04T00:00:00,1145.449951171875,951.7174835234766,993.2882846679694,73.70391670698322,64.61930842520371,42.61135936729403,22.007949057909684,48.76555399695359,1122.6300048828125,31.419227083139887,107.39835684733056,ok
635,2022-04-05T00:00:00,1091.260009765625,965.0604827910547,1002.6189251534604,64.22067631592799,64.04356743161236,46.8978009801577,17.145766451454662,49.96586773210423,1110.4766845703125,20.529273805759907,90.79319956586343,ok
636,2022-04-06T00:00:00,1045.760009765625,974.3999847443359,1006.7275998784285,57.527681864871994,59.23301745165793,49.364844274457745,9.868173177200184,50.936881365078925,1050.8199869791667,13.526427575413535,49.69466013569367,ok
637,2022-04-07T00:00:00,1057.260009765625,985.3479858429688,1011.5402103438757,58.69926863661211,55.70642681264326,50.63316078209485,5.07326603054841,51.23067468135677,1051.796651204427,6.366328347356998,45.64637988994622,ok
638,2022-04-08T00:00:00,1025.489990234375,996.8549865753906,1012.8687608096376,54.247310893653676,49.77423684154746,50.46137599398537,-0.6871391524379078,50.05848415584691,1032.1233112252605,2.6403504388488264,28.014280995627146,ok
639,2022-04-11T00:00:00,975.9299926757812,1007.3329864533204,1009.3507828921274,48.11658852638691,40.60577780719393,48.490256356627086,-7.884478549433155,50.11501925799624,986.3466593424479,-3.7468430324586355,-15.191772255300128,ok
